subset,model,site_info_id,y_true,y_pred,error,abs_error,X_coord,Y_coord
2,RF_5fold,2897.0,0.27,0.6577996749591996,-0.3877996749591995,0.3877996749591995,197459.6890167587,8127173.281981769
35,RF_5fold,2378.0,0.89,1.1577680578759917,-0.2677680578759916,0.2677680578759916,780271.3172257154,8532907.804928
5,RF_5fold,1003.0,2.19,1.5442120979301053,0.6457879020698947,0.6457879020698947,522825.6097330062,8949663.381517624
24,RF_5fold,3504.0,1.58,1.0524663673760877,0.5275336326239124,0.5275336326239124,1109730.2473016293,8142812.437749388
46,RF_5fold,1920.0,1.41,1.312723885170988,0.0972761148290117,0.0972761148290117,365605.2173515419,8670882.463365596
15,RF_5fold,480.0,1.78,1.7747958623100333,0.0052041376899667,0.0052041376899667,1034030.9715440356,9148390.180205071
36,RF_5fold,2686.0,1.16,0.984148672430941,0.1758513275690589,0.1758513275690589,629552.17888743,8346532.772889241
38,RF_5fold,1381.0,1.35,1.5084335024961286,-0.1584335024961285,0.1584335024961285,1291062.0648921877,8828885.433574732
6,RF_5fold,125.0,1.6,1.386775635083182,0.2132243649168181,0.2132243649168181,276330.53541973466,9345133.767573752
16,RF_5fold,3377.0,1.33,0.8871235968716522,0.4428764031283478,0.4428764031283478,1030958.2897935064,8129797.004112957
40,RF_5fold,2294.0,1.66,1.278371661074651,0.381628338925349,0.381628338925349,578416.2885608248,8562149.775555762
12,RF_5fold,564.0,2.18,1.511689091070866,0.6683109089291341,0.6683109089291341,1212942.5050354437,9075958.918612389
6,RF_5fold,2752.0,1.69,1.4063569614225646,0.2836430385774353,0.2836430385774353,341202.9762833008,8323575.101779239
37,RF_5fold,1733.0,1.4,1.4180910530818511,-0.0180910530818514,0.0180910530818514,1049060.7179308217,8719483.125781842
21,RF_5fold,333.0,1.7,1.345258590699892,0.354741409300108,0.354741409300108,710458.120841737,9217038.882487446
43,RF_5fold,2658.0,1.6,1.1179848303968134,0.4820151696031867,0.4820151696031867,1239189.0611527874,8346775.309999999
24,RF_5fold,1116.0,1.54,1.292287371429138,0.2477126285708619,0.2477126285708619,309025.2797687277,8926495.619907966
42,RF_5fold,189.0,1.03,1.6829786499995474,-0.6529786499995474,0.6529786499995474,676470.844119863,9313782.072229557
50,RF_5fold,2922.0,0.83,0.784080743364393,0.0459192566356069,0.0459192566356069,501517.0793499508,8080642.989718194
27,RF_5fold,2128.0,1.11,1.1017203400072584,0.0082796599927417,0.0082796599927417,1166742.925654911,8605573.020651026
5,RF_5fold,465.0,1.6,1.6190731065356212,-0.0190731065356211,0.0190731065356211,331862.14518284705,9162755.490195142
44,RF_5fold,3262.0,0.46,0.9870377968285589,-0.5270377968285587,0.5270377968285587,1017595.5572587372,8245131.829727215
48,RF_5fold,1491.0,1.07,1.2915938428173994,-0.2215938428173993,0.2215938428173993,707762.4406566385,8793187.96281343
5,RF_5fold,470.0,1.58,1.4887592793722444,0.0912407206277556,0.0912407206277556,1201649.5274277187,9155096.69447266
23,RF_5fold,2565.0,1.01,0.8481472122954451,0.1618527877045549,0.1618527877045549,294300.0554840555,8429719.763168527
2,RF_5fold,1000.0,1.24,1.516240561287955,-0.276240561287955,0.276240561287955,960714.3938544831,8947049.153726064
48,RF_5fold,122.0,1.44,1.6603917560055186,-0.2203917560055186,0.2203917560055186,605852.4832023017,9347491.164616631
32,RF_5fold,3641.0,1.27,0.9933228088612458,0.2766771911387542,0.2766771911387542,1249762.4774112245,8005769.529598918
19,RF_5fold,2410.0,2.22,1.3150694622639134,0.9049305377360868,0.9049305377360868,460141.3280947609,8522088.703876376
9,RF_5fold,641.0,1.58,1.4962182098326506,0.0837817901673494,0.0837817901673494,1146158.3868637723,9036223.767150514
22,RF_5fold,3304.0,0.81,0.874416583983526,-0.0644165839835259,0.0644165839835259,784474.624886525,8213848.259208001
35,RF_5fold,1907.0,1.8,1.5508131067760065,0.2491868932239935,0.2491868932239935,1433303.1329771294,8660236.823422423
38,RF_5fold,280.0,0.86,1.5384077940561327,-0.6784077940561327,0.6784077940561327,249632.6673293143,9242472.850079335
13,RF_5fold,3226.0,0.78,0.9876528250200952,-0.2076528250200953,0.2076528250200953,822704.0885997084,8310655.12329256
19,RF_5fold,1291.0,0.95,1.5146126948633591,-0.5646126948633592,0.5646126948633592,579344.4657143669,8872908.692071717
46,RF_5fold,427.0,1.4,1.7324938898793845,-0.3324938898793845,0.3324938898793845,1093859.2079079407,9178418.59755855
4,RF_5fold,2891.0,0.22,0.6249972286756929,-0.4049972286756929,0.4049972286756929,227894.80636516272,8137362.101640072
9,RF_5fold,2427.0,0.94,1.1940667226318558,-0.2540667226318558,0.2540667226318558,1018540.95103915,8508115.00090963
39,RF_5fold,554.0,1.45,1.4240264651612553,0.0259735348387446,0.0259735348387446,677487.6585476053,9087095.501610331
21,RF_5fold,2767.0,0.81,1.2125103557257164,-0.4025103557257163,0.4025103557257163,1252545.6591840817,8305915.422363273
27,RF_5fold,1673.0,1.0,1.3044917385814228,-0.3044917385814227,0.3044917385814227,376234.8617012482,8746338.24588161
22,RF_5fold,539.0,2.15,1.6470306199067546,0.5029693800932453,0.5029693800932453,890315.7175036496,9094808.296886548
13,RF_5fold,2622.0,1.22,1.175922290245703,0.044077709754297,0.044077709754297,585926.8783060696,8391233.934110032
18,RF_5fold,959.0,1.39,1.4236721287225844,-0.0336721287225845,0.0336721287225845,1244410.261537335,8952664.183536032
16,RF_5fold,130.0,2.0,1.8019696895991013,0.1980303104008987,0.1980303104008987,448906.8088007266,9341521.024270684
24,RF_5fold,2035.0,0.98,1.3237961675082743,-0.3437961675082743,0.3437961675082743,732950.829609154,8636730.623840544
50,RF_5fold,2709.0,0.27,0.3073615417311442,-0.0373615417311442,0.0373615417311442,235877.29050348903,8338190.066887786
32,RF_5fold,1523.0,1.31,1.3304190327361844,-0.0204190327361843,0.0204190327361843,858356.5073272961,8783209.752821798
13,RF_5fold,212.0,1.38,1.5397804483916502,-0.1597804483916503,0.1597804483916503,552464.8018937866,9295875.15811802
43,RF_5fold,2521.0,1.01,1.152776071064899,-0.1427760710648993,0.1427760710648993,1181865.0885744193,8455888.915338114
29,RF_5fold,865.0,1.26,1.3361153577500942,-0.0761153577500941,0.0761153577500941,343046.1044138846,8978245.667024843
44,RF_5fold,2916.0,0.0,1.0158201994427136,-1.0158201994427136,1.0158201994427136,629454.1203560409,8101004.1955885645
7,RF_5fold,2174.0,1.22,1.431477457238212,-0.2114774572382121,0.2114774572382121,1360678.2614178578,8588209.895774214
46,RF_5fold,697.0,0.58,1.217388630244885,-0.6373886302448851,0.6373886302448851,316481.57411166496,9017553.816455016
23,RF_5fold,3263.0,0.88,0.958254899435102,-0.0782548994351018,0.0782548994351018,1015980.6416096224,8241770.938650242
4,RF_5fold,1870.0,1.08,1.2077800076316014,-0.1277800076316013,0.1277800076316013,623148.38690606,8686353.683163125
24,RF_5fold,2617.0,1.25,1.2844240119458283,-0.0344240119458283,0.0344240119458283,472495.6689841749,8392934.58526244
28,RF_5fold,1088.0,1.3,1.5152180149357857,-0.2152180149357856,0.2152180149357856,1106141.8518125624,8927323.416465519
44,RF_5fold,3644.0,1.13,1.0457873118058971,0.0842126881941025,0.0842126881941025,1278169.2497138677,8010331.427491755
49,RF_5fold,2412.0,0.3,0.569749604049303,-0.269749604049303,0.269749604049303,254910.47876242563,8520044.550321963
10,RF_5fold,534.0,1.38,1.349161484660765,0.0308385153392349,0.0308385153392349,807806.7606597776,9101356.265859146
3,RF_5fold,2857.0,0.52,0.9893625085324034,-0.4693625085324033,0.4693625085324033,531327.5005742487,8192727.253082971
24,RF_5fold,1698.0,1.43,1.5536449508584809,-0.1236449508584809,0.1236449508584809,1127737.443083134,8729050.539885331
23,RF_5fold,263.0,1.57,1.6355407380533986,-0.0655407380533985,0.0655407380533985,344126.04730158293,9255255.208958205
36,RF_5fold,1161.0,0.89,1.413249916538354,-0.5232499165383538,0.5232499165383538,663071.1612952272,8915642.871456418
40,RF_5fold,1939.0,1.11,1.3178879245280863,-0.2078879245280862,0.2078879245280862,871526.2976351001,8661158.777624488
45,RF_5fold,461.0,2.25,1.5888532114367395,0.6611467885632603,0.6611467885632603,589436.3178684029,9164558.588739438
38,RF_5fold,1444.0,1.29,1.4973846938829147,-0.2073846938829147,0.2073846938829147,406350.85130955663,8811854.45667128
38,RF_5fold,2498.0,1.12,1.1337191858727775,-0.0137191858727774,0.0137191858727774,733849.1186119046,8475428.124213278
32,RF_5fold,1289.0,1.12,1.3360755735012315,-0.2160755735012316,0.2160755735012316,1288153.4945366927,8864569.51481217
36,RF_5fold,19.0,0.91,1.428597181033963,-0.518597181033963,0.518597181033963,225926.67731150115,9480662.170857074
44,RF_5fold,3557.0,0.85,0.9056211014065508,-0.0556211014065509,0.0556211014065509,1057200.950585313,8016153.424302365
11,RF_5fold,2474.0,0.92,1.1660991842269368,-0.2460991842269367,0.2460991842269367,548797.2791337882,8496978.202356342
25,RF_5fold,659.0,1.08,1.659761852186169,-0.5797618521861689,0.5797618521861689,1212035.295261837,9025509.477509731
49,RF_5fold,409.0,1.23,1.6153225155457889,-0.3853225155457886,0.3853225155457886,722837.9458629625,9191901.1306497
44,RF_5fold,2215.0,3.59,1.258584408374961,2.3314155916250385,2.3314155916250385,1301322.2967126323,8579901.85862142
5,RF_5fold,517.0,1.68,1.5951823664859384,0.0848176335140615,0.0848176335140615,445613.8444913657,9125564.37191806
32,RF_5fold,3513.0,2.06,1.0669575477700832,0.9930424522299168,0.9930424522299168,1107600.768258717,8244931.019265454
42,RF_5fold,1714.0,1.15,1.184201181660617,-0.0342011816606171,0.0342011816606171,785664.4426735085,8728324.346077582
45,RF_5fold,2607.0,0.16,0.5586023307072185,-0.3986023307072185,0.3986023307072185,215055.0828288406,8398648.708686115
35,RF_5fold,1202.0,1.63,1.5767388769281978,0.053261123071802,0.053261123071802,869992.5197297707,8898167.229679795
31,RF_5fold,128.0,1.58,1.6976788867163293,-0.1176788867163292,0.1176788867163292,496701.7774932799,9341839.8210226
31,RF_5fold,2061.0,0.84,0.9222678572486324,-0.0822678572486322,0.0822678572486322,363808.36534706794,8632624.085662624
19,RF_5fold,3010.0,0.65,1.0284326092511709,-0.3784326092511708,0.3784326092511708,695526.5117254134,8342569.268413516
34,RF_5fold,1486.0,1.37,1.440782090217403,-0.0707820902174032,0.0707820902174032,1283716.1336425017,8786802.44676365
38,RF_5fold,229.0,2.37,1.5249352252712884,0.8450647747287117,0.8450647747287117,280770.82400197693,9281390.131264644
45,RF_5fold,2409.0,0.96,1.2722031604302988,-0.3122031604302988,0.3122031604302988,935552.8998991972,8519171.960205192
11,RF_5fold,996.0,1.45,1.5677159153249585,-0.1177159153249585,0.1177159153249585,603439.5005515559,8950790.119485104
19,RF_5fold,679.0,1.33,1.48371374131527,-0.15371374131527,0.15371374131527,775751.7241969621,9022577.123139355
8,RF_5fold,2216.0,0.63,0.6510355778225903,-0.0210355778225902,0.0210355778225902,303396.8858258213,8590436.430632863
7,RF_5fold,2629.0,0.84,1.0776354222821387,-0.2376354222821387,0.2376354222821387,568665.3937703613,8381916.1996617485
21,RF_5fold,1317.0,1.34,1.614522165934685,-0.2745221659346848,0.2745221659346848,1199507.267398443,8854478.668614574
41,RF_5fold,151.0,2.25,1.5025716422280864,0.7474283577719136,0.7474283577719136,405056.2630334232,9331741.41432903
17,RF_5fold,2227.0,1.28,1.2429503935356851,0.0370496064643148,0.0370496064643148,726377.9143028588,8588203.70184363
35,RF_5fold,1547.0,1.74,1.4236157369918525,0.3163842630081475,0.3163842630081475,991764.0676057248,8774617.879494864
7,RF_5fold,270.0,1.98,1.7109299995801424,0.2690700004198576,0.2690700004198576,632378.2146025818,9251364.88601232
35,RF_5fold,1945.0,1.68,1.5964337815909575,0.0835662184090424,0.0835662184090424,1442770.037992022,8647033.681040233
29,RF_5fold,440.0,1.75,1.465892485057856,0.2841075149421439,0.2841075149421439,276721.5938032124,9175520.096120698
18,RF_5fold,1662.0,1.14,1.4226766903145884,-0.2826766903145885,0.2826766903145885,484527.0427786908,8748832.804814037
24,RF_5fold,2508.0,1.32,0.9190732912737424,0.4009267087262578,0.4009267087262578,341194.22835694335,8472881.137495443
4,RF_5fold,2344.0,0.53,0.5943572816453296,-0.0643572816453296,0.0643572816453296,276869.1180530223,8542761.597965488
7,RF_5fold,2850.0,1.0,0.8975954744110378,0.1024045255889621,0.1024045255889621,583784.3099346927,8200774.094986748
27,RF_5fold,1644.0,1.55,1.5693160686125884,-0.0193160686125883,0.0193160686125883,1279957.719947734,8743100.11274402
32,RF_5fold,350.0,1.9,1.738585994415628,0.1614140055843718,0.1614140055843718,421615.0856033923,9207367.857590806
32,RF_5fold,3444.0,0.62,1.2019018069952938,-0.5819018069952938,0.5819018069952938,1095390.8635167712,8333656.594586268
27,RF_5fold,1284.0,1.3,1.3647072445005957,-0.0647072445005956,0.0647072445005956,759477.9907769356,8874376.047383856
28,RF_5fold,2232.0,1.02,1.2036094133758408,-0.1836094133758408,0.1836094133758408,832344.7313971728,8584692.906016827
50,RF_5fold,502.0,2.27,1.6935522487768124,0.5764477512231876,0.5764477512231876,521174.7024800539,9135040.99254603
34,RF_5fold,3523.0,1.19,1.062308343260198,0.1276916567398018,0.1276916567398018,1185477.8696141867,8243014.20955761
16,RF_5fold,1588.0,1.6,1.3134979612655164,0.2865020387344836,0.2865020387344836,381434.5139020162,8767961.588448726
19,RF_5fold,438.0,1.37,1.6435412564499483,-0.2735412564499484,0.2735412564499484,1078472.1967206984,9173457.075236792
29,RF_5fold,2973.0,1.01,1.0965773667398997,-0.0865773667398996,0.0865773667398996,704761.2152238317,8405342.656899007
50,RF_5fold,20.0,1.79,1.572350554674943,0.217649445325057,0.217649445325057,247282.0866783746,9478252.972370552
19,RF_5fold,3378.0,1.05,1.0480873362064491,0.0019126637935507,0.0019126637935507,1019385.1134638248,8157716.34969072
11,RF_5fold,1976.0,1.37,1.304961143289202,0.0650388567107982,0.0650388567107982,618542.7114984762,8653240.863601644
26,RF_5fold,1550.0,1.86,1.5324201687071122,0.3275798312928879,0.3275798312928879,1109488.5987488911,8770558.898580391
15,RF_5fold,2273.0,1.22,1.1645216979018564,0.0554783020981435,0.0554783020981435,1429808.778786264,8552360.092184158
46,RF_5fold,2501.0,0.99,0.9602722212679832,0.0297277787320168,0.0297277787320168,1157620.0915318197,8467222.375588521
18,RF_5fold,1824.0,1.52,1.4708776871970817,0.0491223128029185,0.0491223128029185,697736.3691881162,8699187.723525068
38,RF_5fold,2672.0,0.24,1.0040836079281057,-0.7640836079281055,0.7640836079281055,286249.59315707994,8350444.42391048
32,RF_5fold,1239.0,1.47,1.2151789650619416,0.2548210349380584,0.2548210349380584,921621.8447509852,8886015.580350677
4,RF_5fold,2251.0,0.82,1.2719801285007557,-0.4519801285007555,0.4519801285007555,424883.53956150066,8576458.515982885
2,RF_5fold,601.0,1.22,1.7943327800739,-0.5743327800739,0.5743327800739,1151702.6476123668,9063171.325309915
21,RF_5fold,3069.0,1.38,1.1023148730694825,0.2776851269305174,0.2776851269305174,763995.6291288394,8263121.459266161
2,RF_5fold,1560.0,2.14,1.457066296823318,0.682933703176682,0.682933703176682,1457458.5624087802,8759752.345646255
49,RF_5fold,3177.0,1.05,1.1611449729740495,-0.1111449729740494,0.1111449729740494,866891.4502568145,8437611.265635848
16,RF_5fold,1115.0,1.21,1.5282971230569395,-0.3182971230569396,0.3182971230569396,565667.7582610254,8927240.386007931
36,RF_5fold,1847.0,1.25,1.528475815040013,-0.278475815040013,0.278475815040013,1095163.2269158468,8688550.510060556
15,RF_5fold,484.0,0.86,1.3446967667562046,-0.4846967667562046,0.4846967667562046,716027.2369730712,9148120.537494777
43,RF_5fold,2928.0,0.82,1.1571699065863623,-0.3371699065863623,0.3371699065863623,673979.1685570746,8495066.17672207
25,RF_5fold,132.0,2.2,1.7179940874002173,0.4820059125997828,0.4820059125997828,484622.47394839226,9341147.229997948
44,RF_5fold,3629.0,0.59,1.265222714593886,-0.6752227145938859,0.6752227145938859,1170630.904821986,8025528.671410324
27,RF_5fold,2828.0,0.19,0.3667733331129658,-0.1767733331129657,0.1767733331129657,213554.90277680708,8241633.535426436
34,RF_5fold,1701.0,1.17,1.4552044475099206,-0.2852044475099207,0.2852044475099207,840008.131292473,8731220.482084274
27,RF_5fold,377.0,2.73,1.92997054472978,0.8000294552702198,0.8000294552702198,503256.6906239591,9202633.649171373
2,RF_5fold,3451.0,0.89,1.0532837964151436,-0.1632837964151435,0.1632837964151435,1135757.131954922,8307090.905098546
43,RF_5fold,1133.0,1.59,1.2772771140705717,0.3127228859294284,0.3127228859294284,347459.709759227,8922087.716969132
31,RF_5fold,455.0,0.79,1.5957534772681723,-0.8057534772681723,0.8057534772681723,280693.22512846946,9167586.62424485
35,RF_5fold,3233.0,0.97,1.1638107087662082,-0.1938107087662082,0.1938107087662082,880665.3702746086,8282731.291972944
38,RF_5fold,1609.0,2.47,1.46019864023558,1.0098013597644202,1.0098013597644202,594117.5526129012,8762089.594861448
2,RF_5fold,2555.0,0.91,1.0703708695590617,-0.1603708695590614,0.1603708695590614,399063.46153483726,8437605.119362475
11,RF_5fold,2240.0,0.33,0.7418992082453149,-0.4118992082453148,0.4118992082453148,289520.34333796805,8580985.572684046
20,RF_5fold,2804.0,1.05,1.00608955652947,0.0439104434705299,0.0439104434705299,590899.891801353,8276978.078603566
4,RF_5fold,799.0,1.23,1.747179402179448,-0.517179402179448,0.517179402179448,726299.0850353285,8987896.24619401
5,RF_5fold,593.0,1.8,1.6599367339264597,0.1400632660735405,0.1400632660735405,633495.3511337214,9068841.438105464
28,RF_5fold,2811.0,1.21,1.2230932132398056,-0.0130932132398056,0.0130932132398056,1203811.252848643,8257801.817693483
45,RF_5fold,1753.0,1.69,1.2886152796731132,0.4013847203268867,0.4013847203268867,463709.11838038487,8719089.495915178
19,RF_5fold,3095.0,1.28,1.2207684851781342,0.0592315148218658,0.0592315148218658,786063.6366572834,8370873.149099031
13,RF_5fold,104.0,1.13,1.5396187246739343,-0.4096187246739344,0.4096187246739344,197214.57288352225,9385968.676843828
3,RF_5fold,2088.0,1.04,1.5249497557158176,-0.4849497557158175,0.4849497557158175,533177.3902813038,8624722.009327095
24,RF_5fold,529.0,1.62,1.554068723034962,0.0659312769650379,0.0659312769650379,1180863.605101828,9102120.78383896
1,RF_5fold,1565.0,1.55,1.670546965886882,-0.1205469658868818,0.1205469658868818,999352.1709690446,8769253.013664048
37,RF_5fold,2879.0,1.2,0.8683117106694473,0.3316882893305526,0.3316882893305526,605928.3351397037,8156142.7323102
34,RF_5fold,1777.0,2.05,1.571632732394025,0.4783672676059749,0.4783672676059749,1301782.4670580644,8703380.701800345
6,RF_5fold,463.0,1.6,1.5629464622648586,0.0370535377351415,0.0370535377351415,429844.9406503916,9163655.962424034
32,RF_5fold,1421.0,0.98,1.3282564473354033,-0.3482564473354033,0.3482564473354033,768340.7450503232,8823549.492242599
48,RF_5fold,2479.0,0.22,0.6482836851014478,-0.4282836851014479,0.4282836851014479,242956.8697209603,8494150.364290245
37,RF_5fold,902.0,1.89,1.4561606095382955,0.4338393904617044,0.4338393904617044,866854.0360907908,8970741.927811742
28,RF_5fold,3634.0,1.03,0.9911781434164388,0.0388218565835611,0.0388218565835611,1176813.2191905607,7998325.191518262
39,RF_5fold,2447.0,0.73,1.1829789281845615,-0.4529789281845617,0.4529789281845617,420715.2787842826,8506087.393643929
11,RF_5fold,611.0,2.0,1.7062429624124569,0.2937570375875431,0.2937570375875431,1010373.1527894264,9060703.475201976
5,RF_5fold,3288.0,0.7,0.8554440761023463,-0.1554440761023463,0.1554440761023463,688734.9239271957,8196550.899745363
26,RF_5fold,1888.0,1.76,1.5829564878728073,0.1770435121271927,0.1770435121271927,1387314.248785086,8667904.934081418
38,RF_5fold,3203.0,1.1,1.0724014624805878,0.0275985375194123,0.0275985375194123,963090.1129274556,8341699.139105618
12,RF_5fold,1477.0,1.11,1.3696341584239633,-0.2596341584239632,0.2596341584239632,670533.2766681787,8800284.42511869
32,RF_5fold,619.0,1.42,1.4386470288348223,-0.0186470288348226,0.0186470288348226,804957.8184145151,9058293.335611468
14,RF_5fold,2598.0,1.1,1.2122282673827725,-0.1122282673827723,0.1122282673827723,480071.6640144813,8410491.873563945
7,RF_5fold,154.0,1.56,1.5555577284496556,0.0044422715503444,0.0044422715503444,371889.6851071444,9330288.334273169
46,RF_5fold,2121.0,0.78,1.5284506255600276,-0.7484506255600276,0.7484506255600276,657496.4976282573,8613774.293129265
38,RF_5fold,2716.0,0.24,0.4322580138098055,-0.1922580138098055,0.1922580138098055,248825.80470861183,8335937.197042036
32,RF_5fold,1630.0,1.6,1.242293439202316,0.3577065607976841,0.3577065607976841,878572.0162577301,8752047.569822688
21,RF_5fold,1849.0,1.57,1.3558177356498848,0.2141822643501152,0.2141822643501152,544896.2224592083,8693420.599147692
15,RF_5fold,2645.0,1.49,1.5933495802746425,-0.1033495802746424,0.1033495802746424,365174.88808426645,8366109.603858776
32,RF_5fold,1237.0,1.36,1.3819343193168192,-0.0219343193168191,0.0219343193168191,991393.0858545572,8885200.104849981
6,RF_5fold,2845.0,0.72,0.9250155118688504,-0.2050155118688503,0.2050155118688503,597186.738460259,8214734.374606162
50,RF_5fold,309.0,1.78,1.8195316385911977,-0.0395316385911974,0.0395316385911974,432767.6348128466,9228795.539273497
25,RF_5fold,1174.0,2.0,1.6263270701823127,0.3736729298176873,0.3736729298176873,777189.3993721263,8912193.096585935
22,RF_5fold,1950.0,1.22,1.4210902930838505,-0.2010902930838503,0.2010902930838503,853514.3882967191,8657665.550235517
50,RF_5fold,1582.0,1.3,1.3346438939637932,-0.0346438939637931,0.0346438939637931,382595.8613995901,8769195.262404198
40,RF_5fold,2523.0,1.2,1.1024548909589724,0.0975451090410275,0.0975451090410275,692160.845254297,8462996.974415973
29,RF_5fold,4.0,2.27,1.4153233519345298,0.8546766480654702,0.8546766480654702,258568.55944768575,9500310.25667522
23,RF_5fold,2395.0,2.06,1.2113126345494905,0.8486873654505096,0.8486873654505096,609156.4795645245,8528717.697508562
24,RF_5fold,2904.0,1.06,0.963336494083144,0.0966635059168561,0.0966635059168561,578161.7670435155,8110072.343725102
2,RF_5fold,1568.0,1.48,1.397115387425472,0.0828846125745279,0.0828846125745279,729908.0776272815,8771776.10792392
39,RF_5fold,2577.0,0.62,0.9555226542233998,-0.3355226542233998,0.3355226542233998,305057.2380088798,8422949.183695126
30,RF_5fold,2029.0,1.34,1.3625467594643923,-0.0225467594643922,0.0225467594643922,468215.09459301666,8641172.045327187
41,RF_5fold,170.0,2.04,1.184397572385304,0.8556024276146961,0.8556024276146961,218670.0447329911,9319234.110549036
7,RF_5fold,730.0,2.01,1.5664168124394535,0.443583187560546,0.443583187560546,668316.4383232031,9006910.323429367
35,RF_5fold,2748.0,0.97,1.2888584099245264,-0.3188584099245264,0.3188584099245264,617868.0310578311,8324378.639318942
16,RF_5fold,3553.0,1.09,0.9575045699751752,0.1324954300248249,0.1324954300248249,1064548.8462475925,8028140.292595657
12,RF_5fold,2282.0,1.04,1.2416083018303266,-0.2016083018303265,0.2016083018303265,749072.5009039638,8564703.74902453
1,RF_5fold,1668.0,1.21,1.3833371402514756,-0.1733371402514756,0.1733371402514756,857871.881199274,8745727.111124206
40,RF_5fold,291.0,1.43,1.749140874407498,-0.3191408744074979,0.3191408744074979,543038.6549471638,9235060.5412154
27,RF_5fold,2575.0,1.07,1.0363870165269025,0.0336129834730976,0.0336129834730976,1191431.1897504632,8414955.06442635
32,RF_5fold,3287.0,1.23,0.8891066205783381,0.3408933794216618,0.3408933794216618,671019.8025206102,8186773.955618361
23,RF_5fold,483.0,1.64,1.3660647576301417,0.2739352423698584,0.2739352423698584,317157.96808936505,9148905.726160968
20,RF_5fold,3250.0,0.26,1.124099678821007,-0.8640996788210069,0.8640996788210069,971793.1942234336,8302654.559797775
3,RF_5fold,1569.0,1.76,1.5087531172397428,0.2512468827602572,0.2512468827602572,614717.4455427513,8772336.353095777
50,RF_5fold,2533.0,1.18,1.2521412115498882,-0.0721412115498882,0.0721412115498882,476648.87356729707,8455832.619613424
18,RF_5fold,1033.0,1.39,1.539746846553599,-0.1497468465535991,0.1497468465535991,1104363.0482573607,8939579.958172819
16,RF_5fold,721.0,1.59,1.718442498561895,-0.1284424985618946,0.1284424985618946,834740.5283221442,9009701.13088384
1,RF_5fold,1718.0,1.6,1.4600474796134366,0.1399525203865634,0.1399525203865634,1151474.1760363376,8722379.800818922
18,RF_5fold,404.0,1.61,1.643410819098918,-0.0334108190989179,0.0334108190989179,366120.39527633385,9193943.4047583
23,RF_5fold,1225.0,1.45,1.66002149385745,-0.21002149385745,0.21002149385745,689818.9663314235,8892218.998234538
36,RF_5fold,540.0,1.62,1.4806503059160496,0.1393496940839504,0.1393496940839504,597058.8253773868,9096167.378897771
50,RF_5fold,3035.0,0.84,1.1289358816497406,-0.2889358816497406,0.2889358816497406,768818.4894240019,8412311.805572204
6,RF_5fold,58.0,0.93,1.4258643301558254,-0.4958643301558253,0.4958643301558253,234966.29160692275,9448769.384982066
8,RF_5fold,2038.0,0.81,1.3532384222771563,-0.5432384222771565,0.5432384222771565,567503.463350624,8636632.789060997
44,RF_5fold,1385.0,2.15,1.5729523554575786,0.5770476445424213,0.5770476445424213,1053859.717305557,8830289.034917586
50,RF_5fold,1267.0,2.05,1.5890357913874895,0.4609642086125101,0.4609642086125101,813638.676856287,8879395.18425999
38,RF_5fold,2175.0,0.17,0.897033000048712,-0.727033000048712,0.727033000048712,344243.41014422715,8600768.961955369
21,RF_5fold,2769.0,1.56,1.2039083135778914,0.3560916864221086,0.3560916864221086,615041.1410100822,8317095.63980094
19,RF_5fold,228.0,0.91,1.3340845911552324,-0.4240845911552323,0.4240845911552323,253845.16761763027,9281545.02491305
34,RF_5fold,1061.0,1.43,1.6460929569563554,-0.2160929569563554,0.2160929569563554,574081.2272711075,8939025.424081013
5,RF_5fold,718.0,1.57,1.5235363683244,0.0464636316755999,0.0464636316755999,1151020.731020992,9006480.623492567
48,RF_5fold,1.0,2.3,1.3646463747592277,0.935353625240772,0.935353625240772,260421.39426176043,9508186.763478452
31,RF_5fold,2422.0,1.07,1.1098809125880995,-0.0398809125880996,0.0398809125880996,693583.5840727097,8515212.92249578
9,RF_5fold,2847.0,0.19,0.3743072206913316,-0.1843072206913316,0.1843072206913316,238590.34700460164,8208219.392957412
6,RF_5fold,1812.0,1.07,1.4338995951492617,-0.3638995951492614,0.3638995951492614,872729.6566155186,8701651.38048014
45,RF_5fold,396.0,1.74,1.5528674507178533,0.1871325492821467,0.1871325492821467,615751.0669059298,9199693.762132129
31,RF_5fold,2587.0,0.81,1.0574839697557346,-0.2474839697557345,0.2474839697557345,351716.84374461795,8419167.733379617
10,RF_5fold,166.0,1.85,1.983134049520483,-0.1331340495204829,0.1331340495204829,454184.5472673551,9321448.441258617
13,RF_5fold,3738.0,2.22,1.7040931999796127,0.5159068000203875,0.5159068000203875,761545.7457065141,8958145.162742486
35,RF_5fold,745.0,1.83,1.5503680040688597,0.2796319959311404,0.2796319959311404,579155.5781797151,9001728.80507102
9,RF_5fold,1860.0,0.88,1.189664489635923,-0.3096644896359229,0.3096644896359229,392705.2018137829,8688550.95443528
12,RF_5fold,2983.0,0.84,1.0631729041628313,-0.2231729041628313,0.2231729041628313,714519.888283841,8386015.19858557
12,RF_5fold,2180.0,2.42,1.3581742072817948,1.061825792718205,1.061825792718205,641288.4551209675,8599602.562734889
8,RF_5fold,1998.0,1.68,1.4237844518128075,0.2562155481871924,0.2562155481871924,1188593.941002368,8641255.081952054
31,RF_5fold,2468.0,0.41,1.026182295084603,-0.616182295084603,0.616182295084603,289445.17385759624,8498756.823274964
28,RF_5fold,978.0,1.03,1.6263680057522456,-0.5963680057522456,0.5963680057522456,891367.9454063657,8953134.477388263
38,RF_5fold,2338.0,1.65,1.3108257713890854,0.3391742286109145,0.3391742286109145,429583.6416253939,8546962.450219568
5,RF_5fold,528.0,1.5,1.166385686313944,0.3336143136860559,0.3336143136860559,736685.6129527607,9107249.63584929
24,RF_5fold,2609.0,1.33,1.0638616926991145,0.2661383073008856,0.2661383073008856,621856.0157138017,8398921.847838776
3,RF_5fold,2004.0,1.73,1.2777104539879616,0.4522895460120384,0.4522895460120384,800770.0619919013,8646139.444251033
35,RF_5fold,2770.0,0.23,0.560917078147515,-0.330917078147515,0.330917078147515,195025.8799226568,8315068.550810123
7,RF_5fold,1467.0,1.0,1.2789797427134262,-0.2789797427134262,0.2789797427134262,841153.2808284555,8801911.096896918
43,RF_5fold,163.0,1.21,1.528768748553046,-0.3187687485530459,0.3187687485530459,545179.4011283142,9323101.032429583
24,RF_5fold,1905.0,1.22,1.21543827815743,0.0045617218425699,0.0045617218425699,606432.6582863106,8674814.499910114
14,RF_5fold,1182.0,1.44,1.6464057247136257,-0.2064057247136255,0.2064057247136255,733785.7336362853,8905889.047871593
23,RF_5fold,533.0,1.72,1.6368886780347265,0.0831113219652737,0.0831113219652737,650154.6269081229,9104219.604175942
13,RF_5fold,3145.0,1.24,1.1746872767437138,0.0653127232562862,0.0653127232562862,777792.7099216508,8429285.744200757
50,RF_5fold,63.0,1.45,1.576976140623822,-0.1269761406238221,0.1269761406238221,174544.60741365992,9447207.27705134
4,RF_5fold,2414.0,0.9,1.3544430403560164,-0.4544430403560163,0.4544430403560163,501823.5001188331,8520096.007171115
49,RF_5fold,330.0,1.44,1.3781516413530743,0.0618483586469256,0.0618483586469256,653847.3789463559,9218502.14800536
32,RF_5fold,3764.0,0.85,0.923692351742856,-0.073692351742856,0.073692351742856,594305.1020057689,8091422.306377158
44,RF_5fold,2034.0,1.17,0.9578921924334688,0.212107807566531,0.212107807566531,373400.0046976254,8638323.47678697
4,RF_5fold,3761.0,1.55,1.633347455241095,-0.0833474552410948,0.0833474552410948,294160.38763484475,9309417.747637004
24,RF_5fold,871.0,1.65,1.5978700593964872,0.0521299406035127,0.0521299406035127,619184.817667622,8976986.660709191
19,RF_5fold,637.0,1.16,1.4111717071156389,-0.2511717071156389,0.2511717071156389,781244.1512166264,9043788.898126386
9,RF_5fold,2925.0,1.15,1.05019525957479,0.0998047404252098,0.0998047404252098,538114.3096330601,8372310.002428451
20,RF_5fold,2153.0,2.52,1.343829246028739,1.1761707539712607,1.1761707539712607,674109.0571642884,8604052.313102026
9,RF_5fold,2484.0,0.73,0.9988973132141334,-0.2688973132141334,0.2688973132141334,386895.90588348935,8492076.520310298
21,RF_5fold,630.0,1.99,1.67470721952729,0.3152927804727099,0.3152927804727099,994428.8518175656,9050243.365617651
13,RF_5fold,2873.0,0.98,0.945510428673923,0.0344895713260769,0.0344895713260769,628254.6668963613,8166260.398681818
16,RF_5fold,383.0,2.51,1.737362970839961,0.7726370291600388,0.7726370291600388,463913.44505024544,9201412.19230173
31,RF_5fold,1336.0,3.05,1.34146007577218,1.70853992422782,1.70853992422782,775281.4881923194,8855096.58854985
37,RF_5fold,2959.0,0.99,1.0302362927509363,-0.0402362927509363,0.0402362927509363,679984.8807501158,8407172.394421106
6,RF_5fold,99.0,2.08,1.6067412465897537,0.4732587534102463,0.4732587534102463,224060.3264819747,9407217.695197884
39,RF_5fold,1549.0,1.15,1.402717775387324,-0.252717775387324,0.252717775387324,1070080.1963256374,8771529.49938151
12,RF_5fold,2640.0,1.09,0.8619755598225313,0.2280244401774688,0.2280244401774688,325363.5185037762,8370410.333310435
20,RF_5fold,1294.0,1.88,1.5188972216743502,0.3611027783256497,0.3611027783256497,976183.7418041342,8867404.729135033
47,RF_5fold,2245.0,1.36,1.4145001324125643,-0.0545001324125642,0.0545001324125642,482291.0796307321,8579866.511664033
27,RF_5fold,255.0,1.19,1.5431941347478633,-0.3531941347478633,0.3531941347478633,232026.37882177875,9262728.26929754
24,RF_5fold,503.0,0.95,1.317301504630989,-0.3673015046309891,0.3673015046309891,681320.3481913911,9134008.54899325
9,RF_5fold,2423.0,1.64,1.384003454372511,0.2559965456274888,0.2559965456274888,620391.3430456785,8513977.709449373
50,RF_5fold,324.0,1.38,1.772725373402137,-0.3927253734021374,0.3927253734021374,561384.8748731125,9222117.291356906
1,RF_5fold,1657.0,1.4,1.5566351048623122,-0.1566351048623122,0.1566351048623122,632015.6554588737,8750011.630664479
31,RF_5fold,2586.0,1.04,1.1736863708076333,-0.1336863708076332,0.1336863708076332,484424.2640446792,8419657.621670524
21,RF_5fold,171.0,1.58,1.5306016343366822,0.0493983656633179,0.0493983656633179,359720.88725852413,9319662.877749678
42,RF_5fold,3027.0,1.17,1.2016306958682013,-0.0316306958682013,0.0316306958682013,765673.4758762625,8379630.682713618
21,RF_5fold,118.0,1.51,1.445865858705622,0.0641341412943781,0.0641341412943781,196589.651432344,9369828.367741177
6,RF_5fold,2246.0,1.32,1.5831785826705116,-0.2631785826705115,0.2631785826705115,543653.2164434419,8579772.798129773
27,RF_5fold,552.0,1.92,1.6190268258400538,0.3009731741599462,0.3009731741599462,1173115.0577460148,9083259.439210473
5,RF_5fold,493.0,2.71,1.6165842486565436,1.0934157513434564,1.0934157513434564,460086.6554289422,9145176.345881784
20,RF_5fold,1453.0,0.8,1.2623288901142695,-0.4623288901142697,0.4623288901142697,766513.4400947979,8809837.835607877
6,RF_5fold,2572.0,0.48,0.3782487029376712,0.1017512970623287,0.1017512970623287,219917.975311304,8426318.368063537
9,RF_5fold,986.0,1.58,1.6861274550626535,-0.1061274550626534,0.1061274550626534,855339.7001885923,8950277.41390553
14,RF_5fold,2311.0,0.55,1.0130178029256602,-0.4630178029256602,0.4630178029256602,348925.56335418735,8556176.759967215
37,RF_5fold,355.0,1.63,1.4574724195614333,0.1725275804385666,0.1725275804385666,276887.9617077275,9206324.789531954
38,RF_5fold,3716.0,1.17,1.2577720100226577,-0.0877720100226577,0.0877720100226577,750159.7525440404,9083295.594642617
4,RF_5fold,2532.0,1.15,1.1602113813078905,-0.0102113813078903,0.0102113813078903,539084.7306927351,8456094.709334625
1,RF_5fold,1047.0,1.4,1.3474961669610055,0.0525038330389941,0.0525038330389941,1168463.9100898933,8936041.760937845
15,RF_5fold,2003.0,1.26,1.200530561076437,0.059469438923563,0.059469438923563,733593.4474129751,8646844.981439255
44,RF_5fold,2732.0,1.45,1.6509528777098372,-0.2009528777098372,0.2009528777098372,323774.03702307295,8331907.12517162
34,RF_5fold,1445.0,1.77,1.4216971818933557,0.3483028181066443,0.3483028181066443,971674.8584598711,8808552.565023746
3,RF_5fold,176.0,1.56,1.4258309480701623,0.1341690519298375,0.1341690519298375,659598.4262861016,9317203.23217184
24,RF_5fold,2620.0,0.54,1.063044353785619,-0.5230443537856189,0.5230443537856189,330460.3571053301,8391070.034954133
2,RF_5fold,486.0,2.87,1.9442686820339965,0.9257313179660036,0.9257313179660036,527431.3153484794,9147652.66620396
24,RF_5fold,2476.0,1.17,1.1242795245702029,0.045720475429797,0.045720475429797,706943.2220190513,8495944.789621657
31,RF_5fold,1713.0,1.24,1.4310324567840134,-0.1910324567840133,0.1910324567840133,688084.9087458651,8729527.691436993
43,RF_5fold,2591.0,0.88,0.8636363506343153,0.0163636493656846,0.0163636493656846,303290.2188121655,8417856.594803508
31,RF_5fold,2058.0,1.33,1.5184469302415,-0.1884469302414999,0.1884469302414999,446227.72910607746,8633682.399443658
44,RF_5fold,708.0,1.68,1.886635396346257,-0.206635396346257,0.206635396346257,732705.7319408052,9016265.749378704
9,RF_5fold,1904.0,1.32,1.3447805402076414,-0.0247805402076413,0.0247805402076413,365799.354689813,8675187.425823437
7,RF_5fold,2673.0,1.07,1.018988235100727,0.0510117648992733,0.0510117648992733,631051.9399972453,8350773.514423998
50,RF_5fold,2819.0,0.21,0.4449561846355394,-0.2349561846355394,0.2349561846355394,182245.36813016812,8257297.770420373
9,RF_5fold,1596.0,1.4,1.2634373282341755,0.1365626717658243,0.1365626717658243,806196.1912949617,8764673.153304782
8,RF_5fold,253.0,2.43,1.919363493512936,0.5106365064870639,0.5106365064870639,496217.0586473049,9265060.622071177
46,RF_5fold,368.0,1.69,1.7563632130511388,-0.0663632130511389,0.0663632130511389,383718.4297933657,9203694.873255797
13,RF_5fold,561.0,1.91,1.6282674419099117,0.2817325580900882,0.2817325580900882,631366.3089490662,9082330.27588044
4,RF_5fold,79.0,1.18,1.6967876754821536,-0.5167876754821537,0.5167876754821537,198913.69630844897,9432538.75081829
22,RF_5fold,2008.0,0.82,1.438939070947799,-0.618939070947799,0.618939070947799,511050.3992877059,8646835.331381178
43,RF_5fold,3486.0,0.65,1.0408925581575292,-0.3908925581575292,0.3908925581575292,1068747.970762533,8187374.841659742
31,RF_5fold,1916.0,1.67,1.243586505827421,0.426413494172579,0.426413494172579,774509.2530300452,8670656.18267621
44,RF_5fold,1253.0,1.48,1.5345983841240458,-0.0545983841240458,0.0545983841240458,866612.2119963265,8883105.268004559
17,RF_5fold,2305.0,1.1,1.2241921884780174,-0.1241921884780172,0.1241921884780172,392986.6058968121,8558346.104887262
35,RF_5fold,294.0,1.78,1.628718627628733,0.1512813723712669,0.1512813723712669,301782.48967992014,9233974.63476353
12,RF_5fold,1213.0,0.95,1.4395638783072788,-0.4895638783072789,0.4895638783072789,648834.6373795394,8895790.93167306
2,RF_5fold,3703.0,2.05,1.216507294047542,0.833492705952458,0.833492705952458,500000.00000000175,8452273.693280166
37,RF_5fold,2403.0,1.11,1.3535954394163627,-0.2435954394163626,0.2435954394163626,673081.8773763992,8526030.029775012
28,RF_5fold,348.0,1.46,1.6478698804511611,-0.1878698804511611,0.1878698804511611,576475.0855044973,9208449.785535509
3,RF_5fold,2167.0,1.41,1.331677351345507,0.078322648654493,0.078322648654493,1410441.570913937,8587455.197272463
49,RF_5fold,1724.0,0.73,1.3906993892114925,-0.6606993892114923,0.6606993892114923,578017.311638681,8726713.053509293
6,RF_5fold,2588.0,1.23,0.9270285974245914,0.3029714025754085,0.3029714025754085,390817.1026596705,8419328.949252233
28,RF_5fold,2155.0,1.04,0.6738476636231844,0.3661523363768156,0.3661523363768156,320812.37165719026,8603583.04207031
21,RF_5fold,206.0,2.27,2.069144827031241,0.2008551729687591,0.2008551729687591,474326.6018801772,9303418.811980944
9,RF_5fold,818.0,1.66,1.643763476369176,0.0162365236308239,0.0162365236308239,776424.9558438957,8982075.347071314
11,RF_5fold,2948.0,1.39,1.1124874317111326,0.2775125682888673,0.2775125682888673,683637.8817401258,8382018.687118297
17,RF_5fold,2203.0,2.96,1.4015369517611715,1.5584630482388284,1.5584630482388284,616072.6832660058,8593945.320980523
6,RF_5fold,2869.0,1.06,0.9039504305951188,0.1560495694048812,0.1560495694048812,581365.6154462815,8174362.645865853
28,RF_5fold,4006.0,0.97,1.2621578410583232,-0.2921578410583232,0.2921578410583232,728202.2407758007,8813210.070555858
27,RF_5fold,2494.0,0.6,1.0041161054946084,-0.4041161054946084,0.4041161054946084,336999.2819614485,8478629.865859425
14,RF_5fold,2418.0,1.48,1.609583372926093,-0.1295833729260933,0.1295833729260933,475791.7492002654,8517203.365316506
14,RF_5fold,1875.0,1.98,1.583497874141253,0.3965021258587469,0.3965021258587469,1448477.828084048,8670650.373727927
7,RF_5fold,577.0,1.04,1.3937920058445168,-0.3537920058445167,0.3537920058445167,665405.6715234112,9073983.02957996
22,RF_5fold,2104.0,1.37,1.4455596405359348,-0.0755596405359346,0.0755596405359346,732296.0828288436,8619535.281839937
32,RF_5fold,259.0,1.61,1.756456789431328,-0.146456789431328,0.146456789431328,363023.034769019,9259805.944285112
27,RF_5fold,1007.0,1.52,1.5508842262627285,-0.0308842262627284,0.0308842262627284,679892.0546727312,8948650.940806339
44,RF_5fold,15.0,1.71,1.566199377780888,0.1438006222191119,0.1438006222191119,245157.78348608364,9487680.754844984
1,RF_5fold,2330.0,1.4,1.287832047875412,0.1121679521245879,0.1121679521245879,551014.4257911588,8548596.77165707
42,RF_5fold,487.0,1.85,1.7228203846677932,0.1271796153322069,0.1271796153322069,473591.1506716552,9147486.407141829
31,RF_5fold,1044.0,1.58,1.6334258650461173,-0.0534258650461172,0.0534258650461172,817685.9700308351,8942909.011236457
22,RF_5fold,153.0,1.53,1.4586823411446157,0.0713176588553843,0.0713176588553843,278669.6231064628,9330515.346119404
20,RF_5fold,762.0,1.63,1.6458258950570417,-0.0158258950570415,0.0158258950570415,606951.2673636205,8997723.382189328
7,RF_5fold,704.0,1.79,1.7156029233056245,0.0743970766943755,0.0743970766943755,760306.6185324175,9016876.277307112
49,RF_5fold,2308.0,1.41,1.348755569759273,0.0612444302407269,0.0612444302407269,690388.1789442776,8556790.730739895
46,RF_5fold,281.0,1.85,1.5463536393306556,0.3036463606693445,0.3036463606693445,628545.0553777129,9241888.77267569
26,RF_5fold,2091.0,1.49,1.49053852787572,-0.0005385278757199,0.0005385278757199,1449301.6386054084,8608434.279392716
6,RF_5fold,2540.0,1.05,0.9923835415520152,0.0576164584479849,0.0576164584479849,361560.5298849101,8450310.343247753
21,RF_5fold,2377.0,0.27,0.7334147497088395,-0.4634147497088394,0.4634147497088394,280323.54843493865,8533514.179405194
42,RF_5fold,1680.0,1.72,1.2749304342603696,0.4450695657396304,0.4450695657396304,396963.4593371228,8744656.916791677
44,RF_5fold,2986.0,0.79,1.051207468344091,-0.261207468344091,0.261207468344091,729383.2540050457,8392279.077225598
10,RF_5fold,2014.0,0.45,1.6239729212436165,-1.1739729212436163,1.1739729212436163,639342.9588512145,8643993.414396439
30,RF_5fold,1751.0,2.02,1.3911112978696556,0.6288887021303444,0.6288887021303444,679231.4875446626,8720398.26956425
5,RF_5fold,2637.0,0.81,0.4622707904030096,0.3477292095969904,0.3477292095969904,259881.06165314012,8372199.602972871
30,RF_5fold,2132.0,2.02,1.4840515457402068,0.5359484542597932,0.5359484542597932,421320.96396817296,8612806.380971432
24,RF_5fold,3064.0,0.79,1.1565212515836418,-0.3665212515836418,0.3665212515836418,738958.345117284,8284499.164042513
50,RF_5fold,227.0,1.61,1.5529592354323842,0.0570407645676158,0.0570407645676158,223859.90725024993,9282255.36323418
34,RF_5fold,3556.0,0.67,0.8774529880652538,-0.2074529880652538,0.2074529880652538,1062660.607083272,8017251.063739944
4,RF_5fold,464.0,2.21,1.7644055307126911,0.4455944692873088,0.4455944692873088,514154.1556712605,9163088.118248152
14,RF_5fold,1678.0,1.34,1.606240922255367,-0.266240922255367,0.266240922255367,591145.715372216,8745046.484407429
3,RF_5fold,2606.0,0.79,1.1937497306787634,-0.4037497306787634,0.4037497306787634,399867.7487912821,8401080.126598123
39,RF_5fold,2817.0,0.77,0.9467990491767428,-0.1767990491767427,0.1767990491767427,584798.3471026161,8263192.205800977
49,RF_5fold,960.0,1.81,1.710543505647306,0.0994564943526941,0.0994564943526941,726015.1438343583,8959162.652011536
43,RF_5fold,722.0,1.71,1.782686142427747,-0.0726861424277469,0.0726861424277469,611671.6724438082,9010695.925051335
26,RF_5fold,3092.0,1.57,1.1722442007677447,0.3977557992322553,0.3977557992322553,787934.6838854793,8364029.903750692
8,RF_5fold,112.0,0.87,1.4806642208868703,-0.6106642208868703,0.6106642208868703,188693.518880664,9377062.227751885
32,RF_5fold,2209.0,0.83,1.3620491288052334,-0.5320491288052335,0.5320491288052335,514519.0657487679,8592173.780851282
48,RF_5fold,245.0,1.68,1.640038624844114,0.039961375155886,0.039961375155886,642028.2813229735,9268581.638790026
1,RF_5fold,2892.0,0.97,0.9020619440540536,0.0679380559459464,0.0679380559459464,591767.4623532303,8137579.435907356
34,RF_5fold,1402.0,1.14,1.292703046907255,-0.1527030469072547,0.1527030469072547,747737.4508577869,8828892.346108008
44,RF_5fold,2301.0,0.67,1.2353461811189317,-0.5653461811189316,0.5653461811189316,383152.4556774866,8559691.690043148
15,RF_5fold,297.0,1.7,1.6633630471116436,0.0366369528883563,0.0366369528883563,299900.4601621759,9232797.766680775
38,RF_5fold,551.0,0.97,1.4728058926351435,-0.5028058926351435,0.5028058926351435,782341.6337116797,9087764.972996715
23,RF_5fold,2007.0,1.69,1.44241843528496,0.2475815647150399,0.2475815647150399,696988.350488335,8646192.93336035
40,RF_5fold,148.0,1.51,1.4743765782567984,0.0356234217432016,0.0356234217432016,593438.1288894505,9332800.33847878
14,RF_5fold,1914.0,1.29,1.5848446040127202,-0.2948446040127201,0.2948446040127201,572644.8773763845,8672890.075811757
42,RF_5fold,2260.0,1.13,0.767984022888233,0.3620159771117669,0.3620159771117669,334880.31468942476,8570326.520179383
38,RF_5fold,254.0,2.02,1.8889755467975435,0.1310244532024564,0.1310244532024564,485842.03010583296,9263688.270160068
6,RF_5fold,1120.0,1.06,1.6911806892469423,-0.6311806892469423,0.6311806892469423,819280.190046537,8927373.826166095
43,RF_5fold,2386.0,0.85,1.257380391070832,-0.4073803910708321,0.4073803910708321,573919.2785098095,8530994.416691925
35,RF_5fold,1593.0,1.42,1.4900297589885192,-0.0700297589885192,0.0700297589885192,677380.4788435083,8766443.961931951
31,RF_5fold,1985.0,1.18,1.4522546804626404,-0.2722546804626404,0.2722546804626404,454257.13474224973,8651549.40858706
19,RF_5fold,3047.0,0.94,1.1999371503917369,-0.2599371503917367,0.2599371503917367,778464.9072990312,8355891.458937451
31,RF_5fold,935.0,2.47,1.616894908789097,0.8531050912109033,0.8531050912109033,545537.6387033997,8966831.305168778
38,RF_5fold,598.0,1.69,1.4310006487285505,0.2589993512714497,0.2589993512714497,682321.7581001796,9068329.693413705
13,RF_5fold,2159.0,1.2,1.2851926811924743,-0.0851926811924745,0.0851926811924745,775406.2909839505,8602107.088534115
24,RF_5fold,599.0,1.61,1.4966879231474592,0.1133120768525408,0.1133120768525408,606913.5204506475,9068046.229873044
19,RF_5fold,102.0,1.49,1.3811498244745437,0.1088501755254565,0.1088501755254565,223889.66710832564,9400187.540104324
17,RF_5fold,2107.0,1.06,1.288918158248529,-0.2289181582485289,0.2289181582485289,552096.9189401397,8619776.744464934
42,RF_5fold,1890.0,1.21,1.427552894324629,-0.217552894324629,0.217552894324629,779272.5867976772,8679437.523031816
30,RF_5fold,2670.0,0.23,0.3715881287485305,-0.1415881287485304,0.1415881287485304,230856.4878959789,8351413.304950882
49,RF_5fold,162.0,1.2,1.7386261753018248,-0.5386261753018249,0.5386261753018249,517033.851107884,9324420.582095671
43,RF_5fold,2223.0,0.98,1.1125828627984504,-0.1325828627984504,0.1325828627984504,382092.5864053765,8589584.682289489
40,RF_5fold,248.0,1.95,1.587708962089853,0.3622910379101469,0.3622910379101469,277859.91689652554,9266863.10036739
4,RF_5fold,1066.0,1.41,1.5264125465938436,-0.1164125465938437,0.1164125465938437,633352.3835371116,8938923.655687282
36,RF_5fold,2458.0,1.22,1.236091469514489,-0.0160914695144887,0.0160914695144887,569881.0599520643,8502764.036426349
33,RF_5fold,2118.0,1.06,1.470629958636135,-0.4106299586361353,0.4106299586361353,1452945.342693118,8600524.771331208
27,RF_5fold,2558.0,1.01,0.9343515675811114,0.0756484324188886,0.0756484324188886,334665.830516937,8436363.042492788
50,RF_5fold,849.0,1.37,1.6531937215186785,-0.2831937215186784,0.2831937215186784,743139.5981940799,8981397.978894297
29,RF_5fold,1927.0,1.76,1.1406850173932543,0.6193149826067457,0.6193149826067457,385725.6932897064,8669324.63827212
11,RF_5fold,2341.0,1.62,1.5794778504008886,0.0405221495991114,0.0405221495991114,624572.3050682419,8545263.92457319
26,RF_5fold,2569.0,0.52,0.9851579790433164,-0.4651579790433163,0.4651579790433163,284714.26832092705,8427987.7589642
12,RF_5fold,1097.0,1.38,1.5943955620716583,-0.2143955620716584,0.2143955620716584,909641.3033054397,8928388.979151934
48,RF_5fold,2346.0,1.45,1.1285037569738494,0.3214962430261505,0.3214962430261505,435761.6449650636,8542989.124634888
48,RF_5fold,334.0,1.63,1.555798722243959,0.0742012777560405,0.0742012777560405,262096.45713583587,9216641.672395024
25,RF_5fold,560.0,0.82,1.341890785491082,-0.521890785491082,0.521890785491082,734563.7278299935,9083450.440612009
47,RF_5fold,187.0,1.68,1.709226579046771,-0.0292265790467713,0.0292265790467713,508822.7578201955,9314866.073637186
5,RF_5fold,985.0,1.55,1.645670803051028,-0.0956708030510278,0.0956708030510278,696714.6931110963,8951606.3108655
11,RF_5fold,475.0,0.89,1.4552932308852142,-0.5652932308852142,0.5652932308852142,656947.4900831251,9156142.386769757
2,RF_5fold,2407.0,1.56,1.2743085128376097,0.2856914871623905,0.2856914871623905,523822.446169643,8523331.966696406
22,RF_5fold,1642.0,0.76,1.2550457194369966,-0.4950457194369966,0.4950457194369966,758393.8952881753,8750413.217491586
47,RF_5fold,2595.0,0.79,0.6550492398073204,0.1349507601926796,0.1349507601926796,265393.0427807574,8411817.183660155
20,RF_5fold,1071.0,1.13,1.6636122810761649,-0.5336122810761648,0.5336122810761648,884538.336084953,8933963.63225716
24,RF_5fold,2033.0,0.95,1.3298746094876923,-0.3798746094876923,0.3798746094876923,404191.2538468755,8638544.893752871
40,RF_5fold,225.0,1.84,1.552553557930772,0.2874464420692282,0.2874464420692282,338068.3364471567,9282924.381068349
30,RF_5fold,909.0,2.0,1.6863859358432247,0.3136140641567753,0.3136140641567753,647284.9471551145,8970721.43131496
49,RF_5fold,2189.0,1.07,1.4495007197906165,-0.3795007197906164,0.3795007197906164,656617.136114106,8597429.185912656
12,RF_5fold,1219.0,1.68,1.7017697085985215,-0.0217697085985215,0.0217697085985215,788305.9338737817,8891836.660955522
48,RF_5fold,1942.0,1.16,1.249105186800214,-0.0891051868002139,0.0891051868002139,602327.8464585813,8662435.564312408
19,RF_5fold,2257.0,1.52,1.5728658708567644,-0.0528658708567644,0.0528658708567644,481550.81412978965,8571866.482615845
30,RF_5fold,343.0,1.67,1.9304131807108431,-0.2604131807108434,0.2604131807108434,536797.4040286851,9211573.07808389
32,RF_5fold,955.0,1.78,1.7528332253805707,0.0271667746194292,0.0271667746194292,701841.9261831823,8959976.39097623
15,RF_5fold,2249.0,1.16,1.363036607073438,-0.2030366070734381,0.2030366070734381,561351.9454773688,8577927.430124082
50,RF_5fold,2865.0,0.88,0.9583783424569926,-0.0783783424569926,0.0783783424569926,657271.7340999533,8179402.62662917
15,RF_5fold,462.0,2.28,2.0307565773815974,0.2492434226184023,0.2492434226184023,492765.6676624328,9163888.18119936
1,RF_5fold,1446.0,1.14,1.332098612595953,-0.1920986125959531,0.1920986125959531,798116.6104715548,8810446.172515623
7,RF_5fold,831.0,2.26,1.445058409679245,0.8149415903207549,0.8149415903207549,807233.0239532497,8984120.473449752
28,RF_5fold,2081.0,2.24,1.5361261576177665,0.7038738423822337,0.7038738423822337,682742.9580098799,8627537.86294328
32,RF_5fold,1137.0,1.92,1.55632497053789,0.3636750294621098,0.3636750294621098,764230.3560776119,8921559.281255078
12,RF_5fold,514.0,1.19,1.4878558286477015,-0.2978558286477017,0.2978558286477017,572039.7920311023,9127857.541454136
41,RF_5fold,1979.0,1.23,1.422412874847633,-0.192412874847633,0.192412874847633,404650.0371940396,8653122.558170222
25,RF_5fold,682.0,1.96,1.7002017830802674,0.2597982169197326,0.2597982169197326,704549.4209031777,9010557.222848108
16,RF_5fold,136.0,1.61,1.8406124267920765,-0.2306124267920761,0.2306124267920761,466516.9894948324,9339674.25591636
1,RF_5fold,2190.0,1.21,1.2061924860352058,0.0038075139647941,0.0038075139647941,787183.8200111922,8596205.312979233
45,RF_5fold,277.0,1.43,1.729060289150135,-0.299060289150135,0.299060289150135,525125.3755120744,9246184.825307695
21,RF_5fold,2556.0,1.52,1.2486228351717947,0.2713771648282053,0.2713771648282053,465412.61627728905,8437744.907822262
23,RF_5fold,378.0,1.84,1.6801696404088684,0.1598303595911316,0.1598303595911316,399514.7561526799,9202359.538583783
12,RF_5fold,1311.0,1.33,1.5135576259679446,-0.1835576259679445,0.1835576259679445,720132.1473264646,8863211.692308268
18,RF_5fold,558.0,2.12,1.4199639419254646,0.7000360580745355,0.7000360580745355,652256.8567285041,9084345.143497769
50,RF_5fold,73.0,1.26,1.700313634775101,-0.4403136347751009,0.4403136347751009,180616.9354139227,9437035.466713484
22,RF_5fold,2090.0,1.75,1.2312346332548607,0.5187653667451393,0.5187653667451393,385823.1090192882,8624022.262051944
20,RF_5fold,2483.0,0.99,1.3363545140937487,-0.3463545140937487,0.3463545140937487,515097.3598398015,8492483.880499756
8,RF_5fold,2481.0,1.09,1.1487121739655246,-0.0587121739655245,0.0587121739655245,685130.0353240934,8494643.188020468
44,RF_5fold,2150.0,0.48,0.6698845624555178,-0.1898845624555177,0.1898845624555177,323446.174963951,8604614.734393528
4,RF_5fold,1027.0,1.44,1.6306344987054562,-0.1906344987054562,0.1906344987054562,801852.027687808,8945356.764667545
4,RF_5fold,2235.0,0.89,1.4782071015321985,-0.5882071015321982,0.5882071015321982,596690.6352256918,8582994.79970092
23,RF_5fold,1495.0,1.0,1.287221380130534,-0.2872213801305339,0.2872213801305339,714197.4154209399,8792149.64556018
46,RF_5fold,2516.0,0.26,0.9356090851237268,-0.6756090851237267,0.6756090851237267,315158.3504530012,8467428.013481531
12,RF_5fold,2368.0,1.54,1.4929121332703232,0.0470878667296768,0.0470878667296768,464069.823546885,8537663.315648329
36,RF_5fold,1900.0,1.16,1.4610749201498527,-0.3010749201498528,0.3010749201498528,658160.479664385,8676330.34845792
42,RF_5fold,312.0,1.93,1.5668994046820068,0.3631005953179931,0.3631005953179931,339568.67413357523,9227900.441148262
22,RF_5fold,1525.0,1.81,1.3683450022224066,0.4416549977775934,0.4416549977775934,402433.6254844114,8784780.930745471
40,RF_5fold,2537.0,1.0,1.1328926948265006,-0.1328926948265005,0.1328926948265005,736205.316190272,8452867.693218533
1,RF_5fold,37.0,1.73,1.3522171939512038,0.3777828060487962,0.3777828060487962,220862.1186796309,9469078.618012382
26,RF_5fold,2389.0,1.15,1.2033969117823184,-0.0533969117823185,0.0533969117823185,522915.3513048419,8529828.359300658
3,RF_5fold,1670.0,0.76,1.2959439789496712,-0.5359439789496712,0.5359439789496712,783137.4741990224,8745951.262005946
25,RF_5fold,1142.0,1.97,1.5055309799450614,0.4644690200549386,0.4644690200549386,827454.473383419,8919509.257703379
25,RF_5fold,2011.0,0.55,1.0570498825474008,-0.5070498825474008,0.5070498825474008,362070.82975539856,8644806.86653307
10,RF_5fold,195.0,1.79,1.4036342832129172,0.3863657167870828,0.3863657167870828,274778.48156882054,9311391.616545437
3,RF_5fold,893.0,1.7,1.699641235148199,0.0003587648518008,0.0003587648518008,603892.817792734,8973491.322732933
34,RF_5fold,640.0,1.68,1.4990989325346982,0.1809010674653017,0.1809010674653017,755933.028465034,9040588.550663712
20,RF_5fold,2415.0,0.3,0.5832909399103796,-0.2832909399103796,0.2832909399103796,257860.8125493379,8518649.751203865
24,RF_5fold,2860.0,1.08,0.8761120745065916,0.2038879254934085,0.2038879254934085,585540.1049716235,8187821.849272123
19,RF_5fold,414.0,1.71,1.7037993986762312,0.0062006013237687,0.0062006013237687,426277.0110132905,9190585.37809025
14,RF_5fold,1384.0,1.15,1.5276067482680706,-0.3776067482680707,0.3776067482680707,741925.9919654953,8835538.77122891
9,RF_5fold,525.0,1.47,1.3814327962854152,0.0885672037145848,0.0885672037145848,581523.8761734607,9113586.287912386
4,RF_5fold,2069.0,1.58,1.4654911661301386,0.1145088338698614,0.1145088338698614,634426.0548114614,8631122.958206495
33,RF_5fold,2286.0,0.94,1.4097869625603163,-0.4697869625603166,0.4697869625603166,462690.2846068508,8564800.58095519
20,RF_5fold,322.0,2.6,1.8643394168207112,0.7356605831792888,0.7356605831792888,523082.00178973534,9223779.980807066
33,RF_5fold,749.0,1.5,1.4037568980982045,0.0962431019017955,0.0962431019017955,699743.1512242281,9000476.594791995
16,RF_5fold,2264.0,2.08,1.301620578494776,0.7783794215052242,0.7783794215052242,524519.2935706276,8569950.08311477
49,RF_5fold,3765.0,0.85,0.8386104888246881,0.0113895111753118,0.0113895111753118,605104.1012103315,8100679.20579512
12,RF_5fold,373.0,1.61,1.609154528406836,0.000845471593164,0.000845471593164,317703.83857534116,9202825.41763216
4,RF_5fold,1848.0,1.37,1.268180979322811,0.1018190206771891,0.1018190206771891,546907.8711873846,8693749.971562387
25,RF_5fold,2195.0,0.7,0.6176443476609389,0.082355652339061,0.082355652339061,320074.538255946,8595669.674642298
41,RF_5fold,1177.0,1.41,1.5249262498793177,-0.1149262498793177,0.1149262498793177,961856.020479866,8906393.080407536
4,RF_5fold,2062.0,1.24,1.437493712393558,-0.197493712393558,0.197493712393558,493152.90822334035,8632930.224797927
41,RF_5fold,210.0,0.86,1.6082723943890078,-0.7482723943890078,0.7482723943890078,213529.28987194423,9299250.315108657
3,RF_5fold,651.0,1.49,1.3776440390140472,0.1123559609859528,0.1123559609859528,668508.8749176941,9035831.513058258
43,RF_5fold,454.0,1.62,1.5100907299496182,0.1099092700503818,0.1099092700503818,284077.4691287441,9168559.47311158
27,RF_5fold,2466.0,1.29,1.4897233481795986,-0.1997233481795985,0.1997233481795985,464027.92791031586,8500885.060588624
49,RF_5fold,341.0,1.7,1.6036222349397589,0.0963777650602411,0.0963777650602411,344742.58513406554,9212714.064087722
5,RF_5fold,1956.0,1.18,1.3670770917058517,-0.1870770917058517,0.1870770917058517,542979.3163840667,8658324.777643304
43,RF_5fold,2348.0,1.12,1.3147252852098883,-0.1947252852098882,0.1947252852098882,690450.9967013529,8542146.15717749
10,RF_5fold,353.0,1.79,1.5835338544124753,0.2064661455875247,0.2064661455875247,628084.6255401198,9207053.450562466
45,RF_5fold,791.0,1.4,1.651019111323318,-0.2510191113233182,0.2510191113233182,763455.4144380081,8989102.751737133
8,RF_5fold,2138.0,1.65,1.826648187252118,-0.1766481872521179,0.1766481872521179,640772.9194715864,8610186.220669527
49,RF_5fold,629.0,2.42,1.7930731098999044,0.6269268901000955,0.6269268901000955,716548.3654258993,9053966.073047794
24,RF_5fold,2098.0,0.88,1.3306474513247324,-0.4506474513247324,0.4506474513247324,779473.1340534256,8621074.56773414
28,RF_5fold,2814.0,0.35,0.3099873097789722,0.0400126902210277,0.0400126902210277,190112.5949673513,8264493.175283609
37,RF_5fold,1509.0,1.01,1.3708038122869557,-0.3608038122869557,0.3608038122869557,854530.3494448516,8786021.251178792
37,RF_5fold,243.0,2.11,1.809721791022875,0.3002782089771252,0.3002782089771252,510424.7444769589,9273599.242928725
9,RF_5fold,1891.0,1.89,1.2828087961320584,0.6071912038679415,0.6071912038679415,603447.3208244556,8680500.233251076
45,RF_5fold,305.0,1.25,1.7191421838347418,-0.4691421838347418,0.4691421838347418,380930.6681828042,9229260.280161483
24,RF_5fold,1127.0,1.37,1.7218471215496731,-0.3518471215496732,0.3518471215496732,712444.7261784931,8924161.26838383
46,RF_5fold,30.0,1.48,1.5224428634726972,-0.0424428634726972,0.0424428634726972,189681.769515367,9472435.879950345
29,RF_5fold,2363.0,2.09,1.427092564095347,0.662907435904653,0.662907435904653,506278.5812346395,8538936.803803252
24,RF_5fold,1555.0,1.29,1.4007971883768977,-0.1107971883768976,0.1107971883768976,746394.0568193428,8774625.058863258
29,RF_5fold,1042.0,1.63,1.5617618291561366,0.0682381708438633,0.0682381708438633,873109.7092370011,8941335.44009017
6,RF_5fold,1980.0,1.26,1.3601526339836625,-0.1001526339836622,0.1001526339836622,386818.8760782956,8652842.064015988
13,RF_5fold,811.0,1.76,1.6894377525743935,0.0705622474256064,0.0705622474256064,639420.0806877732,8986418.45813022
18,RF_5fold,689.0,2.32,1.5083273643885344,0.8116726356114654,0.8116726356114654,775558.0186552424,9020305.30189954
22,RF_5fold,325.0,1.55,1.578521988374714,-0.0285219883747138,0.0285219883747138,622098.9947835695,9220687.680331577
48,RF_5fold,1936.0,1.84,1.5933743819520687,0.2466256180479313,0.2466256180479313,1417039.481215618,8650241.500745827
12,RF_5fold,2312.0,0.91,1.02812794123094,-0.1181279412309398,0.1181279412309398,343992.0407056217,8555893.781787757
25,RF_5fold,361.0,2.54,1.8584167695714155,0.6815832304285845,0.6815832304285845,494684.84747661714,9205231.528955065
44,RF_5fold,2065.0,1.18,1.4602558667982344,-0.2802558667982344,0.2802558667982344,462993.6371739635,8632242.219947364
33,RF_5fold,1687.0,1.81,1.5171386688114958,0.2928613311885042,0.2928613311885042,638781.0924248097,8742052.860686088
50,RF_5fold,203.0,1.39,1.5770494676609097,-0.1870494676609098,0.1870494676609098,347554.45489670103,9306000.782589406
33,RF_5fold,1010.0,1.5,1.489483975000874,0.010516024999126,0.010516024999126,662794.8903243423,8948410.590111496
21,RF_5fold,2239.0,1.48,1.3570292498621763,0.1229707501378234,0.1229707501378234,546383.0391273389,8582080.7969868
25,RF_5fold,766.0,2.17,1.4313885777213953,0.7386114222786047,0.7386114222786047,838285.2194408493,8995560.120640257
10,RF_5fold,2298.0,1.01,1.1799845443411934,-0.1699845443411933,0.1699845443411933,381980.7681560273,8561034.769366032
20,RF_5fold,319.0,2.77,1.5201445608799535,1.2498554391200465,1.2498554391200465,286750.9741684402,9224100.98023668
31,RF_5fold,1988.0,1.67,1.3650205868639445,0.3049794131360555,0.3049794131360555,509875.29264482105,8651241.364935033
19,RF_5fold,2744.0,1.21,1.5066899582529625,-0.2966899582529625,0.2966899582529625,341809.9366739927,8327849.105882535
14,RF_5fold,1966.0,1.74,1.3989107293008003,0.3410892706991995,0.3410892706991995,858480.2366514319,8653858.729824552
7,RF_5fold,3067.0,1.63,1.1343468262843124,0.4956531737156875,0.4956531737156875,753606.3077831649,8272467.203435824
36,RF_5fold,211.0,1.4,1.4322962442303149,-0.0322962442303147,0.0322962442303147,243393.0501588722,9295711.849356469
19,RF_5fold,945.0,1.66,1.6814501706310545,-0.0214501706310545,0.0214501706310545,556874.5781798591,8962601.841887817
12,RF_5fold,1544.0,1.32,1.375914742344772,-0.0559147423447718,0.0559147423447718,816121.8920931448,8778168.253092777
50,RF_5fold,374.0,1.79,1.633905443233151,0.156094556766849,0.156094556766849,388729.7219857247,9203011.054909203
29,RF_5fold,98.0,0.12,1.5319057356822756,-1.4119057356822755,1.4119057356822755,206957.9733828153,9411955.395323688
25,RF_5fold,2259.0,1.07,0.9895279789458048,0.0804720210541952,0.0804720210541952,411892.3935063192,8571118.28647209
6,RF_5fold,268.0,1.61,1.56197701944581,0.04802298055419,0.04802298055419,337133.1028962685,9251873.483364798
28,RF_5fold,2517.0,0.8,1.244013491867696,-0.4440134918676959,0.4440134918676959,506484.8133743566,8467124.494304348
15,RF_5fold,2334.0,1.26,1.512250702094173,-0.2522507020941726,0.2522507020941726,674859.9971254095,8547365.16114729
15,RF_5fold,160.0,2.01,1.8309253124632483,0.1790746875367512,0.1790746875367512,457205.4212529424,9325186.49679989
17,RF_5fold,1789.0,1.47,1.426431859170929,0.0435681408290709,0.0435681408290709,610370.567666452,8709492.108743377
27,RF_5fold,2124.0,1.3,0.799185752957826,0.500814247042174,0.500814247042174,333267.00032368227,8613339.431292778
31,RF_5fold,2763.0,0.99,1.2906315737026135,-0.3006315737026137,0.3006315737026137,616975.0654051488,8320026.410812557
27,RF_5fold,1002.0,2.08,1.5562201148716257,0.5237798851283746,0.5237798851283746,581330.0771731035,8950747.588885976
20,RF_5fold,668.0,1.4,1.6229726019313495,-0.2229726019313498,0.2229726019313498,746817.2516971558,9028861.67220049
29,RF_5fold,2513.0,0.91,1.019043534556861,-0.1090435345568608,0.1090435345568608,357784.25256966613,8469919.781222487
34,RF_5fold,375.0,1.89,1.6506556383028734,0.2393443616971264,0.2393443616971264,442320.2419256461,9203022.75361186
38,RF_5fold,1597.0,2.15,1.2902498112115923,0.8597501887884074,0.8597501887884074,395940.4853823617,8766340.945258113
5,RF_5fold,2667.0,0.42,0.5900485624030252,-0.1700485624030251,0.1700485624030251,266231.7818769788,8352355.663517866
9,RF_5fold,2296.0,1.24,0.8957740341900096,0.3442259658099904,0.3442259658099904,425375.906274305,8561583.979369815
49,RF_5fold,1634.0,1.85,1.5436913490182842,0.3063086509817159,0.3063086509817159,621158.9239615597,8754474.257003313
37,RF_5fold,881.0,1.66,1.7320236690074624,-0.0720236690074624,0.0720236690074624,728708.842389938,8974120.108349003
33,RF_5fold,595.0,1.57,1.334810093457626,0.2351899065423739,0.2351899065423739,654565.6098394968,9067740.950522792
2,RF_5fold,430.0,1.79,1.4653724442557787,0.3246275557442213,0.3246275557442213,308705.3424672374,9180886.259130822
43,RF_5fold,1070.0,1.66,1.610289749678513,0.0497102503214872,0.0497102503214872,806002.7001483984,8936887.32676281
7,RF_5fold,2535.0,1.06,0.9707215408330916,0.0892784591669084,0.0892784591669084,324240.40216833964,8454850.462260915
37,RF_5fold,347.0,1.93,1.7110428515279013,0.2189571484720986,0.2189571484720986,345037.7052903823,9208620.206733955
19,RF_5fold,2068.0,1.41,1.3042621895028776,0.1057378104971222,0.1057378104971222,547431.5201475626,8631433.304713313
44,RF_5fold,2184.0,0.86,0.5904282902259419,0.2695717097740581,0.2695717097740581,348577.0965570671,8598539.475624435
