profile,soc_harmonized_percent,soc_stock_0_30cm,flag_negative_original,X_coord,Y_coord,log_soc_stock
100_56,0.723829142297261,2.52751426253905,False,16.269295,-12.580465,1.260593447979479
100_58,1.229639423076923,4.255625107294275,False,13.950172,-12.0353,1.6592989520201566
100_59,0.755,0.0,False,12.733427,-4.6274204,0.0
100_63,0.3533056853270776,1.643338674864,False,18.115896,-11.460891,0.9720427677322168
101A_58,0.7672909413479593,2.795671542651,False,13.935472,-12.0587845,1.3338613497782212
101C_63,0.411455488286207,2.821242311384,False,17.55221,-10.999976,1.3405755821525809
101_56,0.5424158249722839,3.8786161781478405,False,16.295847,-12.568941,1.5848616095997943
101_62,0.2990434031521841,1.9200048597510002,False,16.711246,-13.611005,1.0715852805770931
102_55,1.1845522971413713,2.3470141609199997,False,15.136114,-13.661247,1.2080686531494294
103_55,0.49473150919132125,0.766744824744,False,15.1395855,-13.636375,0.56913877133252
103_64,9.05,35.253144112,False,22.363441,-12.742808,3.590526111663635
104C_60,2.682109236302418,8.188551068945,False,14.767887,-6.3018823,2.217958260057579
104_56,1.4611287807594586,3.0400010533542,False,16.239548,-12.544614,1.3962449527042624
104_58,0.18112885612885607,1.155063946282,False,13.883237,-12.138068,0.767820396564187
105_56,0.6259020626529475,2.67901002363,False,16.273443,-12.503834,1.3026437006717935
105_57,0.05222833961929792,0.11252246736059998,False,12.62433,-13.610002,0.10662993023464887
107_58,0.40853658536585363,1.0013546399339999,False,13.844187,-12.198673,0.6938242712493001
107_66,0.32629360465116275,1.7799339658650002,False,17.573782,-14.194015,1.0224271741344608
108_57,0.920075570926658,1.50375588156,False,14.612524,-13.44312,0.9177919570954813
109C_63,0.21346700767263424,0.509556013008,False,17.593925,-11.332899,0.41181557647067796
109_58,0.353205969095116,0.37158494153304994,False,13.796095,-12.209548,0.3159669627865551
109_62,0.451160103603129,1.9096709470469997,False,16.778372,-13.896562,1.0680399981736073
10_55,1.0575801052128169,2.5390445381999998,False,13.455059,-14.977228,1.2638567862516412
110C_60,1.1088016192183796,1.57040928428,False,14.635114,-6.152014,0.9440651408111209
110_57,1.7761031840563193,7.9837917012,False,14.631892,-13.368449,2.1954220316375226
111C_60,1.2657108876786296,3.58242760995,False,14.61324,-6.104879,1.5222289035420271
111C_63,0.3328784536663882,2.17321548378,False,17.618519,-11.491941,1.1547454219812658
111_56,0.7751647782602775,3.5320822695693,False,16.236534,-12.379929,1.5111814960392347
111_64,0.23197600274128488,1.9053738866910002,False,21.126726,-12.543582,1.0665620865629475
113C_60,1.3539894358754714,5.200653460073,False,14.538367,-5.9570575,1.8246546832831627
113_57,0.7845454545454545,4.175113292064,False,14.624539,-13.31507,1.6438612310980827
113_58,0.49111111111111116,0.474503851062,False,13.852729,-12.088193,0.3883215610446221
113_63,0.4872136692222311,2.5670608224539997,False,17.803368,-11.161855,1.2717419576622746
114_55,0.20669952210274778,1.53821094970725,False,15.490315,-13.780213,0.9314594823501289
114_57,0.8193617021276596,2.79474901544475,False,14.611894,-13.289028,1.3336182730728576
114_58,0.4220048684210526,2.07636740394915,False,13.806347,-12.050474,1.1237494866268645
115C_63,0.17114093440725603,1.420477362436,False,17.452658,-10.632907,0.8839647779209093
115C_65,0.3804459996234671,1.8534381621000002,False,20.516947,-9.659524,1.048524639864417
115_56,0.3357875674299693,1.90547773818,False,16.442312,-12.683521,1.0665978305453154
115_58,0.6890084650517004,1.6001491565085,False,13.796293,-12.028396,0.9555688112698466
115_59,0.3481198237711396,1.513145467338,False,12.348583,-5.0651,0.9215351428145019
116_57,0.5001302618838283,5.0361324830433,False,14.501064,-13.210611,1.7977634894790615
116_58,0.6111111651807842,2.9996901715741497,False,13.765419,-12.020459,1.3862169010134715
116_59,1.2005946882016751,3.7721936756000005,False,12.393414,-4.9914308,1.5628060892461189
116_65,0.39509627468672226,3.5839563174,False,21.636274,-7.820288,1.522562450004032
118_60,3.8780705214932727,13.754800578983101,False,15.248752,-7.7109156,2.6915684928161467
118_62,0.2325638678620799,1.6806301783980002,False,17.186657,-13.9847765,0.9860519080746916
119_57,0.42919999999999997,0.0,False,14.407203,-13.179039,0.0
119_59,0.542075099511234,2.4373696709710004,False,12.306618,-5.0946674,1.2347065483745943
119_63,0.7170501162502307,4.499700891036,False,18.161291,-10.937309,1.704693707311592
11C_63,0.5393016705516706,3.10830279921,False,16.731836,-10.016908,1.4130099989920513
120C_60,1.552729487911906,6.897003276788,False,14.86106,-5.9606147,2.0664833554562216
120_56,1.3840000000000001,4.21405327217952,False,16.45159,-12.911955,1.6513575326013323
120_58,0.6643935992498199,2.6618114735755,False,13.767379,-11.9815445,1.2979579631071774
120_59,0.9018059742634065,5.357559905645,False,12.103731,-4.953561,1.8496446411002583
120_60,1.730470915646449,7.239337415424,False,15.128311,-7.5713444,2.108919929938748
121C_60,0.9975005623031942,4.960320948613551,False,14.585913,-6.1386733,1.7851243300658908
121C_64,0.8621250426924589,3.2457989600399992,False,23.123827,-11.931912,1.4459300140772067
121_57,0.92,0.0,False,14.350289,-13.142974,0.0
121_60,2.7590286460300666,9.474780940545001,False,15.277177,-7.80133,2.348970552992394
122_55,0.5229063703524873,1.3763822475060001,False,15.451083,-13.595367,0.8655792671407939
122_62,0.2944894479459696,1.54125885833,False,16.787973,-13.424548,0.9326595717703793
123_56,0.5919799124335741,2.4761459702284503,False,16.394024,-13.056227,1.2459242002580415
123_63,0.29862466542795,1.715208797544,False,18.119564,-10.822414,0.9988688556015916
124C_60,2.6801330556914404,10.705581962425999,False,14.350315,-6.1897955,2.460065818837718
124_56,0.28923458318054024,0.863883049575,False,16.461008,-13.100033,0.6226619726507469
124_61,0.6601459872599679,4.339728137458,False,15.794114,-11.294752,1.675174741087726
125_58,0.4937989326553822,2.2899371137510993,False,13.959637,-12.18437,1.1908684502332307
125_59,0.9158386019930548,2.577443520656,False,12.376521,-4.895265,1.274648444946069
126C_63,0.5463695335276969,3.534696999596699,False,15.184104,-9.69538,1.5117582675745862
127C_60,0.7720408755580271,3.829723844436,False,14.697466,-5.973874,1.5747892909649146
127C_64,2.8295899447986512,12.198228851035498,False,23.449806,-12.085816,2.580082642637802
127_66,0.20652146151746475,1.2598126667999998,False,18.547327,-15.504397,0.8152819190521023
128C_64,0.9194124128520305,4.972058840744,False,23.398895,-12.081945,1.787091732398667
128_62,0.3108506519858728,1.725555750096,False,16.757294,-13.181323,1.002672352310613
129C_65,0.42744534115920757,1.38519599964,False,20.367437,-9.484586,0.8692813011062593
130C_64,1.115645608678515,3.5290635794,False,23.298843,-12.050546,1.5105152027621385
130_58,0.29712969156447416,1.7064942536460002,False,14.108926,-12.189299,0.9956541640847126
130_61,0.6920553981947352,3.6771692268150002,False,16.110008,-11.265141,1.5426930608591065
130_64,0.200808007623353,1.7255640063840003,False,21.299665,-13.885728,1.002675381518691
131_59,0.2557639858658166,0.792006504318,False,12.348267,-5.170293,0.5833359441878927
132C_65,0.6631634488136624,2.534171745792,False,20.037163,-9.935674,1.2624789708468178
132_56,0.66,0.0,False,16.28119,-12.263359,0.0
132_61,0.542427203731238,2.789162317702,False,16.033401,-11.168335,1.3321449703118187
134_59,0.7790952515047314,4.380587054896001,False,12.351064,-5.1719522,1.682797486231165
134_60,1.26,0.0,False,15.280416,-7.8159003,0.0
134_63,0.4941849992003693,2.996558367696,False,17.967016,-10.999707,1.3854335826804043
134_64,0.1922811775564428,1.32433558576,False,21.073923,-13.789501,0.8434342286338252
135C_60,0.7623415285142101,3.471102968448,False,13.842361,-6.0576296,1.497635127281439
135_60,1.9341379519355313,7.90619890467225,False,15.192068,-7.825025,2.186747540433211
137C_63,0.9871539075802881,4.404088445399999,False,15.402152,-9.462237,1.6871557866183502
138C_60,0.6744936500550361,2.633213385825,False,13.621934,-6.2767634,1.2901174869463568
138_55,0.8693580240086151,2.1336475356,False,15.36187,-13.965181,1.1421976728995633
138_61,0.9887667931601355,2.9730841369528,False,16.271925,-11.376803,1.3795426537924218
139C_63,0.9931797020518199,4.24842200906175,False,15.452914,-9.359037,1.6579274617208821
139_46,0.5800000000000001,1.9115268485599999,False,15.565445,-12.863178,1.0686776338084183
13C_60,1.000204125603024,3.72083560403,False,15.273279,-6.879451,1.5519858186807802
13C_63,0.3370695022116592,1.864692189192,False,16.825336,-10.091931,1.0524609060673928
13_63,0.7402399872475584,1.94122032888,False,17.059307,-9.15019,1.07882457307995
140C_63,1.5216010530335,9.1081124463,False,15.414701,-9.346331,2.313338313949627
140_56,0.697843137254902,2.521237596514,False,16.152916,-12.178665,1.2588125177355038
140_63,0.38228607356228894,2.684197257488,False,17.892962,-11.039099,1.3040526613374614
141C_64,0.3369733333333333,1.3862197810559997,False,23.699162,-12.64793,0.8697104321980634
141_59,2.3968739809933317,6.551894832274999,False,12.213147,-5.0452166,2.021798502935191
141_64,0.5932498135806629,3.677148681795,False,21.856615,-14.851025,1.5426886682309746
145C_60,0.6561317860512476,3.5879622772360005,False,13.732192,-6.153481,1.5234359771836283
145C_64,0.4010707320072348,2.091811104988,False,23.543907,-12.953687,1.1287570373286109
145_56,0.6080769230769231,1.3643128116071999,False,16.09743,-12.132853,0.8604874138048239
145_59,1.0310695030399648,2.509712157244,False,12.207676,-5.078099,1.255534027631868
145_61,0.6126953552776339,2.040595583112,False,16.199297,-11.224417,1.112053411726564
146_59,0.4732065702421172,2.314681059304,False,12.192502,-5.085292,1.1983614076378726
146_64,0.17254612099438288,0.770635466172,False,21.991848,-15.213961,0.5713385025894804
147_59,1.5974420174750192,9.097000427906,False,12.174117,-5.10267,2.3122383924017016
147_60,2.8913826702472174,10.316031812033998,False,14.673123,-7.224574,2.4262204646790946
148_61,0.6440463146470563,3.3067315445849994,False,16.050419,-11.10384,1.4601792741049977
148_62,1.450716104524962,7.74027743283,False,16.602982,-12.622729,2.167941932050377
149C_63,0.5300750586559411,3.8707592256,False,15.9459305,-9.285082,1.583249823424086
149_56,0.5976809173304244,3.0611577287946607,False,16.12164,-11.938654,1.4014680878402492
149_63,0.7231452352715728,4.113411544703999,False,15.973177,-9.06586,1.6318668027284702
14C_60,0.5480891172640702,2.727455151324,False,15.227393,-6.8196263,1.3157257357464123
14C_63,0.6335440383217056,2.4997329682259997,False,16.860992,-10.16119,1.2526866707922006
14_56,1.0319895881334114,2.3961104333712004,False,15.470672,-13.128586,1.2226307865809227
150C_63,0.9353621601897466,5.840889869528999,False,15.782628,-9.421331,1.9229178210568199
150_56,0.4677274037905454,1.6081586684097,False,16.130703,-11.881011,0.9586444813279315
150_57,2.0330258196721305,3.3737406401160004,False,14.776387,-13.412793,1.4756186246839815
150_60,0.14875012374082827,1.80841049136,False,16.594982,-6.205783,1.0326186618611433
151C_60,0.8750894827801338,1.5491630258720002,False,13.39259,-6.674584,0.9357650801444359
151_56,0.6054521260713486,2.70325526074045,False,16.089626,-12.180574,1.3092122330529572
151_59,0.45694074947589536,1.172165721276,False,12.266696,-4.8369417,0.7757246980910921
151_61,0.4591233784499991,2.902391823515,False,16.209627,-11.305103,1.3615896532320901
152_57,1.2696901185770748,5.580794276694,False,14.613059,-13.516421,1.8841554487960392
152_58,0.1840590367499282,0.5234208489042,False,13.731842,-12.256065,0.4209583646343337
152_59,0.4950679345343623,3.40134542454,False,12.202736,-4.7672286,1.481910272488103
153C_63,0.30134286720821407,1.8853084396440003,False,17.21058,-10.526348,1.0596318057338254
153_60,0.3184995975934995,2.3022975042239997,False,15.653535,-7.8895373,1.1946184396295259
154C_65,0.6220766789392084,2.1564882727400003,False,21.080679,-9.571562,1.149460103545396
154_57,0.8515202455982571,1.8731220559160007,False,14.67127,-13.585755,1.0553992628803321
154_61,0.9925747863247866,2.5559004072000002,False,16.389345,-11.254274,1.2686083102853274
155C_63,0.38824375754200313,1.9738867199999999,False,17.264093,-10.586038,1.0898697571981923
155_66,0.1774954126488996,0.9288638009999999,False,19.415644,-15.235265,0.6569311254173916
156C_60,1.1610116765170182,4.48876136969325,False,13.535608,-6.4852157,1.7027026143456643
156C_63,0.3090950098736774,1.6381350453599999,False,17.145483,-10.473607,0.9700722453123611
156_56,0.6744568157802077,0.9895482822400001,False,16.102316,-12.291545,0.6879076191201516
156_58,0.255046875,0.5341240675177499,False,13.7472925,-12.366283,0.42795957810857627
156_59,0.595615357024791,3.260710536832,False,12.065414,-4.994593,1.4494359390564941
156_63,0.3530112289133384,1.6266718756889997,False,17.725666,-10.749037,0.9657175983300416
156_66,0.18451300881954572,0.0,False,19.391127,-15.30956,0.0
157_63,1.0004520802236447,3.6255420289044005,False,16.015797,-8.948424,1.5315935595363288
159C_60,0.9157224776664648,4.267167352776,False,13.205946,-6.926747,1.661492713829017
159C_63,0.390615327707719,2.596825044143,False,17.009928,-10.277546,1.2800515241485688
159_56,1.179492204774565,1.8668314169504998,False,15.888465,-12.211032,1.0532073839692002
15_55,0.6001193874123338,0.0,False,13.511016,-14.932662,0.0
15_62,0.316796441021241,2.197118333232,False,16.912706,-13.5977745,1.16224988322818
160C_60,0.6843750000000001,4.453456723275,False,13.188877,-6.937323,1.696249668767936
160_56,1.459480143634931,2.054658086782,False,15.940305,-12.097983,1.1166676671398408
160_59,1.9084215492572183,9.872220725414,False,12.275291,-5.1998944,2.3862109788331534
161_59,1.4128004720596659,6.71117765137485,False,12.266906,-5.1837807,2.0426709192801393
163C_60,1.1759237152869808,8.3456279668398,False,13.135368,-6.9669623,2.2349086368135334
163C_63,0.21534116045991053,1.2439877226980003,False,17.08661,-10.729009,0.808254516477034
163_56,1.0571613639002542,5.617099448963041,False,15.950018,-11.934605,1.8896571242298201
163_58,0.4745883492932057,1.4949540088504998,False,13.835732,-12.315145,0.9142702957071331
163_59,1.6607504569320277,8.0842749526361,False,12.280329,-5.2076645,2.2065448915787456
163_62,0.28775398585718825,1.729943315352,False,16.43693,-12.667708,1.0042808453739758
164C_60,2.8544456208373807,14.390608137872,False,13.069582,-7.01548,2.7337574622014698
164C_65,0.4667571802942071,1.8806551180200004,False,20.499022,-9.549439,1.05801773981485
164_56,0.9008541705237957,2.3924613222505,False,15.892568,-11.92153,1.2215557117040476
164_59,1.0135722251346369,4.8313672687619995,False,12.260503,-5.266105,1.7632514958099335
164_61,0.4623635481128478,2.2064914835944998,False,16.724354,-11.487727,1.1651773436214976
164_65,0.742175687569421,6.29995889654,False,19.382524,-8.020482,1.9878687175275345
166C_60,0.7037757165825911,1.167805712256,False,13.589669,-6.735593,0.7737154634435544
168_56,3.27,2.1962124697950003,False,16.452589,-11.970158,1.1619665056051631
168_62,0.5152592878136354,2.585381202973725,False,17.137312,-12.479061,1.2768648011667798
168_64,0.20722082975254258,1.375781687916,False,19.785528,-13.449451,0.8653265150887358
169_57,1.0624399671052633,4.50808541496,False,14.599766,-13.447753,1.7062170881826255
169_63,0.6888764468106086,3.4072569562707002,False,15.805282,-8.960427,1.4832524905523607
16_59,0.186669166054081,1.148071798055,False,12.609922,-4.9826846,0.7645706016257069
170_57,0.9476459260030171,2.868043179216601,False,14.621489,-13.460583,1.3527487407181404
170_58,0.1272727272727273,0.187747570938,False,13.56578,-12.653372,0.17205871598745412
170_65,1.008818732525629,5.351263914419999,False,18.541245,-8.173469,1.8486538347393857
171_59,1.4757974184210874,3.830425766508,False,12.235444,-5.1795115,1.5749346141951968
171_66,0.15655840438314556,1.14465049024,False,20.910995,-15.234558,0.7629765974904998
172C_60,0.5142229555267411,6.592300899139999,False,12.458029,-6.152811,2.0271346942340336
172_58,0.2920554628857381,0.3532531445901,False,13.605567,-12.673739,0.30251143042408113
172_59,0.6011025673321158,2.8635671630016004,False,12.215698,-5.192792,1.3515908922190742
172_61,1.2455162722146718,8.4266063568,False,15.862084,-11.197099,2.2435361545463026
173C_63,1.220224177724058,3.7942633864799995,False,15.74095,-9.491264,1.5674200753624064
173_63,0.4500890655004865,3.194798740508,False,16.066355,-9.212345,1.4338453627272811
174_57,1.325118197278911,2.80582671479175,False,14.596162,-13.498747,1.336533238355523
174_61,0.45874878069468594,2.81632744854,False,15.83531,-11.351295,1.339288559270455
174_63,0.7437286629088763,2.9289993778899994,False,16.085049,-9.253077,1.3683847822383106
175C_60,0.09079052480512353,0.0,True,12.632237,-6.1638465,0.0
175_59,0.48144016400805884,2.215458273888,False,12.28442,-5.1280894,1.167969889953772
175_64,0.22630011613487763,1.4349727744000005,False,20.16189,-13.687416,0.8899355755274876
176C_63,0.9340938673916596,4.682706178328999,False,15.590061,-9.64214,1.737427559118288
176_58,0.14526315789473684,0.22731996943439997,False,13.374548,-12.617509,0.20483290551836789
176_66,0.11527306835487071,0.6472583306280001,False,20.530764,-15.005068,0.49911228809328256
177C_63,0.452580094537815,2.1875432931056245,False,15.675122,-9.597415,1.1592504925430922
177_55,0.541826182920304,1.82631082552875,False,14.783798,-13.967724,1.0389722660162264
177_58,0.08,0.2126067989028,False,13.359146,-12.64668,0.19277242151986712
177_64,0.23678993008680752,1.5954660273069998,False,19.019444,-13.363124,0.9537660871249318
178C_65,0.29423670855826545,1.5903664472150003,False,20.910114,-8.430472,0.9517993511145266
178_58,0.2272247130204264,0.7033533589953,False,13.342994,-12.698174,0.5325988722271018
179_56,1.1589475340136053,2.6939061553859993,False,16.012629,-11.672236,1.3066844768484982
179_58,0.3982104601820952,0.7597289914199999,False,13.362277,-12.755008,0.5651598150458651
179_60,1.9489726702649848,7.717681214263801,False,14.997308,-7.358463,2.1653532867635783
17C_65,0.515491185852264,2.343256165016,False,19.568,-11.098847,1.2069452317879126
17_55,7.581767705479295,15.921362657327997,False,13.448866,-14.960959,2.828576886238357
17_64,0.42493773408259133,3.2570536171999995,False,22.129368,-11.283879,1.4485772818336466
180C_60,1.5540180292902794,5.600807518998,False,13.510447,-6.76227,1.8871919929113956
180_56,0.9518793527210759,3.671235497098575,False,16.009478,-11.64334,1.54142359709742
180_57,2.7371924904434475,9.891718770432,False,14.629017,-13.53351,2.388002754650045
180_62,0.372439613274105,1.396112205144,False,17.535252,-12.633077,0.8738475093503597
181C_60,0.43756309401809196,0.0,False,13.526319,-6.7659874,0.0
181C_63,0.42,1.7761360561800001,False,15.811228,-9.67871,1.0210600530357483
182C_60,1.475203639269206,4.093474787763,False,13.545183,-6.7694783,1.6279602671511746
182C_62,0.6894339622641509,3.4530682329,False,14.544,-9.835912,1.493593349128077
182_59,0.9505557291186059,1.3576965375060002,False,12.119715,-5.086739,0.8576850989672963
182_60,2.364371988238571,5.4065178637599995,False,14.951858,-7.1901393,1.8573158883441572
182_62,0.5545004604578071,3.15551207124,False,17.510054,-12.694866,1.4244356628894104
183_55,0.3081761848495962,1.8269045177925,False,14.839334,-14.332435,1.0391823030411325
183_57,1.107094304872082,4.8426515695350005,False,14.6424055,-13.524171,1.7651847296763157
183_59,1.111357281746032,4.977134882300001,False,12.196404,-5.0519567,1.7879413364772327
184C_60,0.7655631093687175,3.517113664548,False,13.760722,-6.6949,1.5078732200813474
184_55,0.2851449164544762,1.8673911973600001,False,14.815157,-14.377713,1.0534026259222704
184_56,0.937918157604457,1.9861929490233596,False,15.977616,-11.985922,1.0939993149206317
184_58,0.4066448801742919,2.09684427785875,False,13.477936,-12.928083,1.130383618118492
184_60,2.9885623692921213,12.962821914928,False,15.029499,-7.213641,2.6363982198092546
184_65,0.3396711352546268,1.9657640527161,False,18.195278,-9.240246,1.0871346898825374
185_57,0.8885803576173019,2.2339771898535004,False,14.667521,-13.560227,1.1737127078998308
185_58,0.36053774489827733,0.9203421317160001,False,13.350247,-12.626686,0.6525033637671794
186_57,1.5694179036963185,3.2607319410900004,False,14.664002,-13.545282,1.449440962679679
186_65,0.5898580418302058,4.027478931132,False,18.080185,-9.148393,1.6149186519312744
187_57,1.321487621096284,4.3606233496815,False,14.664239,-13.536999,1.6790802649031569
187_61,0.49140129014489203,2.5104867293220003,False,16.814583,-11.7614355,1.2557546971865798
188_59,0.5931851851851851,3.5389460036911498,False,12.260925,-5.694658,1.5126948273231884
188_60,0.9908121246487983,3.453885418048,False,14.895867,-7.1370053,1.4937768428751688
188_65,0.8942735058695227,3.5346526871040003,False,18.338598,-9.295573,1.5117484956517406
189C_60,0.2085269093739298,1.210898171072,False,12.410724,-6.3331804,0.7933988452163458
189_55,0.48454454634964267,1.1684686222860003,False,15.060015,-13.865711,0.774021214410408
189_58,0.31221775895677895,1.3667704424759,False,13.320315,-12.697476,0.8615263433513025
189_59,1.1776897971798983,6.931962636192,False,12.510166,-5.3578634,2.0709005001310743
18C_65,0.7752324471884802,4.270929404785,False,19.497995,-11.051522,1.6622067046483022
18_59,1.1178455863655814,1.6712845993934997,False,12.54539,-4.787421,0.9825594800777724
190C_63,0.34353951819785156,1.44796136394,False,15.598639,-9.704143,0.8952555818212831
190_66,0.1288835043110657,0.762926595088,False,19.81019,-15.77573,0.5669752661836293
191_65,0.25120601751537464,1.27630464552,False,18.563025,-9.452366,0.8225533585897533
192C_60,0.7844041961271608,2.822570192904,False,12.503289,-6.4872303,1.3409230217405124
193C_65,0.23439327298142987,1.168000161456,False,21.343296,-8.528423,0.7738051580497217
193_57,0.7719827530627367,1.043675877384,False,15.016842,-13.386735,0.714750087059062
194_58,0.1541496993572465,0.3551970153222,False,13.189119,-12.744471,0.30394684252405996
195C_60,1.0879867144892503,1.11914064144,False,12.964484,-6.225884,0.7510106486929139
195_60,0.9576709606183289,4.670361050783399,False,14.391334,-6.976591,1.7352527930991848
196C_65,0.28199920352391256,1.2222662618249998,False,21.460726,-8.760346,0.7985275138426511
196_56,0.9494709319775535,4.552030993674,False,15.9234085,-11.784469,1.7141638056229995
196_58,0.25096173740037847,0.7544888296683998,False,13.364875,-12.936119,0.5621775493456872
196_63,0.43632244621555455,2.1359431775013,False,15.694818,-9.130912,1.1429299829047745
197C_63,1.8854242757609088,3.2545221154992006,False,15.207962,-9.501793,1.4479824444369194
197_56,0.5986722077278652,3.8838613354720004,False,15.914272,-11.769133,1.58593616425491
197_59,0.45,0.0,False,12.356141,-5.3144026,0.0
198C_63,0.8189569522300076,2.60971509565,False,15.095418,-9.450627,1.2836288483577973
198_56,0.9889307673929626,2.6767456786000006,False,15.898415,-11.750725,1.3020280344661206
198_60,1.1139658919236122,5.378462143505999,False,14.760519,-7.7124248,1.8529270249634662
198_65,0.11363636363636363,0.0,False,17.613716,-8.905341,0.0
198_66,0.06688175579922123,0.5869198524000001,False,19.82849,-15.818985,0.4617949376854828
199_57,0.69,0.0,False,15.129574,-12.993789,0.0
199_63,1.1961896400483967,3.9903597333773,False,15.720201,-9.030219,1.6075079980221807
19_55,0.49435774238474006,1.7084607355199999,False,13.394265,-14.9258375,0.996380479248692
19_60,0.5116029718890787,2.259357956289,False,15.878064,-6.7255445,1.1815302300586015
1_57,0.05,0.13178066820749998,False,12.161278,-15.222598,0.12379220500743064
1_59,1.0417912025092495,2.8362732122600005,False,12.575774,-4.8669853,1.3445013777018315
1_63,0.7773102574887861,2.7041481450620006,False,17.081955,-9.274587,1.3094533119511784
200_56,1.7229938271604934,11.924541888850001,False,15.896286,-11.715374,2.5591279759636385
200_57,0.6495833333333333,2.00263978411575,False,15.113211,-12.963096,1.0994918297969682
200_60,1.1594679536957386,2.8921087213199996,False,14.47755,-7.2098236,1.3589510984968025
200_63,0.9131410818207389,4.244627856935999,False,16.268936,-9.167183,1.6572042873646062
200_66,0.1533545892578151,1.0757643221120001,False,19.814182,-15.849596,0.7303294338649727
201_57,1.203199404761904,3.4040171834954998,False,15.219999,-13.357379,1.4825171206456236
202C_60,0.8579785178236395,2.146785454989,False,12.979643,-5.9208875,1.1463814413029318
202_56,0.5480315978153001,1.6969475090700001,False,15.962639,-11.526945,0.992120581257773
202_57,0.5797132379521527,2.1653182291786504,False,15.211571,-13.298643,1.15225359688566
202_65,0.5518871537567522,3.792006379517999,False,18.043657,-8.9463,1.5669491920973202
203C_60,0.7114630524463857,2.76831085128,False,12.990664,-5.925516,1.3266268509971446
203C_63,0.7665780433056855,4.185580796592,False,15.517998,-9.384449,1.6458818501801464
203_61,0.7155486842801925,2.6616020903999997,False,16.637161,-11.547113,1.2979007812551004
203_65,1.3462418270443521,4.999656530219999,False,18.076937,-9.073755,1.791702222626166
204C_65,0.8946591430726045,3.061548856799999,False,21.100742,-8.246832,1.4015643926867973
204_61,1.2090735159004495,4.74171818912,False,16.64369,-11.570725,1.7477585016229917
205C_63,0.766344717696804,4.7400167331,False,15.621496,-9.271121,1.747462125501442
205_65,0.5642227313457153,2.7345988705,False,18.39806,-9.560544,1.3176404153607681
206C_60,0.5530219179505674,3.07478084385,False,13.000282,-6.053126,1.4048169645962882
206C_63,0.5433061164774169,3.2237195311619997,False,15.652785,-9.206181,1.440716145326825
206_56,0.8876006124854169,2.2935706634412005,False,15.822083,-11.685262,1.1919722842931313
207C_65,0.7496386886886884,4.041253602584,False,21.168081,-8.076142,1.6176547818263607
207_55,0.5901755233494365,2.7580740402251998,False,14.679538,-14.131155,1.3239066028262492
207_58,0.23277283431737938,0.7794763003884999,False,13.41491,-12.735356,0.5763191077498924
207_60,0.6988162930474332,2.494433582095,False,14.6499,-6.896268,1.2511712973429188
207_61,0.52,0.0,False,16.593098,-11.647242,0.0
207_65,0.3254496799795186,2.103731966082,False,18.502697,-9.626062,1.1326052474591222
208_46,0.9058777777777779,6.36050441565,False,15.593236,-13.256875,1.9961284651274416
208_56,0.0,0.0,False,15.715417,-11.517401,0.0
209_58,0.570413605243383,2.500194283317,False,13.465409,-12.539175,1.2528184764739145
20_55,1.2200419285111126,6.465957656463999,False,13.422575,-14.972563,2.010353708960638
20_56,0.6109870693257509,2.27325967277904,False,16.012693,-12.675922,1.1857863302207376
20_58,1.5825925925925928,3.3470699775919996,False,15.1034975,-12.387428,1.469502049781847
20_60,0.6828925443265991,2.768760883785,False,16.048471,-7.2390285,1.3267462693923395
20_62,0.30694764168758165,1.90060955074,False,17.162964,-13.781125,1.064920904815969
210C_65,0.4912787444037446,2.7602138095499997,False,20.762804,-7.3213983,1.3244758200271147
210_56,0.6014760901182986,1.2291914930941799,False,15.735297,-11.7831335,0.8016389605809762
211_56,0.9563152902522536,2.6460891291384,False,15.430611,-11.816059,1.2936551216895498
211_57,0.47634615384615386,2.0299698143946,False,15.055978,-13.250022,1.1085526572256477
211_58,0.0814162785038932,0.4455823699048,False,13.1579075,-12.748181,0.3685122645275457
211_60,2.976990801417407,8.7631181264874,False,14.93442,-7.5641212,2.278611829574967
212C_63,1.4691477209653234,6.950380376302,False,15.631714,-9.336921,2.0732197735973767
213C_60,1.0163284224050346,6.852583444186001,False,12.374611,-6.145671,2.0608425788225966
213C_63,1.53880205342414,7.67410458438,False,15.769147,-9.473281,2.16034210256668
213_63,0.7023396017065527,3.064847384667,False,16.36694,-9.200219,1.4023761985476344
214C_63,0.7721314129439605,3.9867759968959997,False,16.192886,-8.300079,1.6067896081491129
214C_64,0.37660412907202273,2.2699625723810004,False,20.739492,-12.782671,1.1847785390886132
215C_60,0.25726063000995963,1.6917251709280001,False,12.5451,-6.456413,0.9901823155336896
215_56,0.898726256878739,2.90497903541664,False,15.412149,-11.819065,1.3622524146259294
216_56,0.5138461538461538,1.5710413609799998,False,15.818264,-12.150696,0.9443110156611565
216_57,0.7677356527960164,6.094403811760001,False,15.057949,-13.216361,1.959306277731096
216_58,0.12182123758594345,0.3360981065016,False,13.177173,-12.8236685,0.2897535054285621
216_60,2.9217180364439406,12.477578597872,False,14.638041,-7.7332344,2.601027460110915
217C_52,1.1085390709279936,5.328890680160001,False,15.0,-14.0,1.8451249727983599
217_61,0.29622901216523995,3.000348326848,False,16.624361,-11.154562,1.3863814390404985
217_62,0.6321038294305621,3.3723672760320005,False,17.521074,-12.013859,1.4753045731976622
218C_65,0.3584095355114498,2.3176188971200005,False,20.693335,-7.5911384,1.1992473259550325
218_57,0.6385441859415236,2.6939020650141603,False,15.063936,-13.208834,1.3066833695182274
219_63,0.1809954393634878,1.36896048406,False,16.695543,-8.798831,0.8624512446069671
21C_63,0.5683315676832531,2.049684756672,False,16.499231,-9.234501,1.115038226809269
21_58,1.9062890344890344,9.884804307302101,False,15.1272545,-12.40714,2.387367716325737
21_63,0.9743081642875032,3.9651340978320007,False,16.838146,-9.403789,1.6024403057591972
21_64,0.4963445192197895,1.9746062114519995,False,22.291008,-10.695954,1.090111664337967
220C_64,0.23751326498515593,1.3411538691760003,False,20.659138,-12.748957,0.8506439143180294
220_57,0.3714516129032258,1.820654827992,False,15.082603,-13.199876,1.036969066501601
220_58,0.07211371661925986,0.11606184292500002,False,13.060702,-12.828979,0.10980627723112317
220_59,0.7399214209828359,1.4244339546528,False,12.508368,-5.421395,0.8855980763808485
220_60,0.7642594855468522,3.7510496288759994,False,14.506587,-7.910499,1.5583655681354915
221C_60,0.908246881402468,4.956997825730001,False,12.985573,-6.154856,1.7845666336523593
221_56,0.4870378414225867,2.6369684869189998,False,15.667326,-12.004235,1.291150501386341
222_57,0.5604040433240824,1.344150187965,False,14.655972,-12.982263,0.8519229430260638
222_63,0.6380306995524369,2.4840302676,False,16.823652,-8.804237,1.2481897465529788
223C_60,0.9317025383408422,4.451306526161,False,12.990657,-6.1437893,1.6958553095154365
223C_63,0.7166229438960943,4.00026366504,False,15.971184,-8.429868,1.6094906440517642
224C_63,0.5506764288879042,3.6524271703919995,False,16.36279,-8.101589,1.537389055546512
224_55,0.27369781849588914,1.8305186101667998,False,14.855582,-14.294867,1.0404599493419968
225_56,0.43504372238127703,0.8868300968867999,False,15.620859,-12.332209,0.6348982235869479
225_58,0.05262055588409224,0.27033139397030004,False,12.972509,-13.2573395,0.23927780656563893
225_61,0.27802676713418306,1.7850505942631998,False,16.560064,-10.848956,1.0242660399155632
226_57,0.4278124771134927,2.83358268849348,False,14.637468,-13.186801,1.343799793757701
226_58,0.13158201058201058,0.5805046771055999,False,12.941342,-13.173518,0.45774421192610076
227C_60,0.6562464245953866,3.2104353277379998,False,12.734389,-6.5074954,1.437566045611724
227_56,0.12989787824395846,0.457051963368,False,15.7592745,-12.1631975,0.3764151912085344
227_57,0.5608965531849653,2.8101961634399997,False,14.668364,-13.227668,1.3376806742804184
227_59,1.0341821175456,2.8387529359200006,False,12.179984,-5.280829,1.3451475575840648
228_57,1.3183432000000002,3.0789382522500004,False,14.6399145,-13.002305,1.4058367222581054
229_57,0.05927524332361182,0.0,False,14.72015,-12.981896,0.0
22_62,0.3625235089973483,2.338227315984,False,17.24312,-13.834994,1.2054399223769423
230C_60,0.7541496218531204,1.9421108629980002,False,13.10889,-6.212968,1.0791273043373812
230_57,0.45055766102170636,3.5859886094364004,False,14.700513,-13.302925,1.5230057006638538
230_61,1.430720884852078,4.0857714471860005,False,16.618904,-11.55644,1.6264467283547324
231_55,0.3005185234295072,1.74259259527275,False,15.095128,-14.373559,1.0089036756867136
231_59,0.565,0.0,False,12.300561,-5.3905144,0.0
231_60,0.8967947785829308,3.9542190185459996,False,14.364047,-7.565763,1.6002395405352114
231_63,1.1412029509261317,3.379022082735001,False,16.531092,-8.980882,1.4768254306782065
231_65,0.38283458831498185,2.09957218284,False,18.731586,-9.673981,1.1312640964319765
232C_60,0.5519205063454947,2.040685359328,False,13.139526,-6.244377,1.1120829371561096
232C_63,1.540879661382919,6.618393752079,False,15.909267,-8.430251,2.0305655537880223
232_58,0.1680403899335517,0.35978611968,False,13.054134,-13.5721035,0.3073274224393567
232_59,0.5799869332012856,2.31104293087932,False,12.271755,-5.5922127,1.1972632246179629
233A_60,1.3895019706600586,5.871216024651501,False,13.596666,-7.157349,1.9273410956146002
233C_62,0.6699791830322074,2.743801833744,False,13.914204,-11.143273,1.320101628193188
233_57,0.7578947368421053,2.7070348139712,False,14.838479,-12.911288,1.3102323155383617
233_59,0.29149961229702614,2.209314129,False,12.298851,-5.6233997,1.1660572473336905
234C_62,0.4712190833756944,2.547822439685,False,13.924879,-11.132156,1.26633401801042
234C_65,0.4962986451901771,1.7524819827200002,False,20.373705,-7.4001694,1.0125030438058082
234_57,0.5937139530889289,2.37754483473,False,14.829925,-12.91854,1.2171490652955692
234_65,0.44167035197665194,3.0004403014950003,False,19.065777,-10.485453,1.3864044304357912
235C_60,0.24054786109859114,1.3885224026340002,False,12.774224,-6.494914,0.870674933177559
235C_63,0.16145279756222392,0.871883497485,False,17.129581,-8.286048,0.6269451418693033
235_58,0.0633308439133682,0.3146963674444,False,12.764063,-13.389916,0.2736057396865595
235_59,0.43012931346170574,1.504244808407,False,12.363643,-5.6466227,0.9179872153946795
235_62,0.43324636378821774,2.7533790752160003,False,17.576288,-11.766454,1.3226565209716605
237_59,0.3721683114276387,1.0087532967050001,False,12.190015,-5.6289535,0.6975142792406095
238_55,0.5887540655915439,2.36592800235675,False,14.744706,-14.536393,1.2137037058656839
238_56,0.788002714475766,2.0411136056376,False,15.395013,-12.136468,1.1122237659841503
238_61,0.5309399088782604,2.915747864237,False,17.104836,-11.103381,1.3650063365476406
239C_60,0.8394380158850786,4.010029553232,False,12.952594,-6.538023,1.611441813928078
239_57,0.4920566777579396,2.3455281571288,False,14.998938,-12.822308,1.2076245756240285
239_65,0.5030765831860868,3.364368616982,False,18.844992,-10.055164,1.4734735320896981
23_58,1.6218749999999995,9.817917604186498,False,15.108408,-12.416804,2.3812037968724846
240_56,0.9664053872053873,2.76624997704,False,15.436331,-12.379585,1.3260798053661245
240_58,0.04600000000000001,0.23190988018439998,False,12.736952,-13.377071,0.2085657132348207
241C_63,0.40917715745301947,2.775536270280001,False,17.147684,-8.070822,1.328542430963974
241_55,0.5569540121159132,1.7960609460634251,False,14.776343,-14.667954,1.0282116217246382
241_63,1.07,1.5274724917359999,False,16.63176,-8.84748,0.9272197882671104
242C_60,0.5434730101061955,3.012117927069,False,12.6803465,-6.36644,1.3893192632541966
242C_64,0.23126701409681652,1.3144938430800004,False,21.39792,-14.251241,0.8391910213344296
242C_65,0.3788175281508614,2.2156118351200003,False,20.235403,-7.4465194,1.1680176459973002
242_57,0.5439902156926498,2.73988689325575,False,14.836796,-12.846202,1.319055368524142
242_63,0.3474255281569379,2.355195612444,False,16.56041,-8.765318,1.210510073476299
243_57,3.0929154585620102,7.967973771502876,False,15.037001,-12.941002,2.1936597610892745
243_59,0.2684704945054945,1.7940496865544,False,12.267243,-5.5488396,1.0274920439817312
243_63,0.6367464298153954,2.963533343678,False,16.53176,-8.719372,1.3771358859449399
244C_63,0.3507074664536143,3.0700546312320003,False,17.305815,-8.393966,1.4036564222715426
244_58,0.12704826038159378,0.6838870135620001,False,13.922425,-13.026449,0.5211048194849033
244_60,1.2945520152505443,3.9987035504910002,False,13.349007,-7.2089252,1.6091785889108619
244_61,0.15926968728317967,0.919246086045,False,17.36705,-11.294484,0.6519324454089549
244_62,0.3345592613438168,2.2434334531,False,17.564041,-11.934128,1.1766324764572593
245C_63,0.21222372468262124,1.019131823754,False,17.393017,-8.438735,0.7026676288060322
245_57,0.7531857255377801,2.9140172247760003,False,14.984664,-12.989848,1.364564269775647
245_58,0.7949143397586018,1.129026772566,False,13.911674,-13.014261,0.7556649610159297
245_60,1.2671428571428571,4.692702989509275,False,13.337028,-7.208895,1.7391851774344838
246_56,0.3083974162383296,1.8937697303600005,False,15.479441,-12.4849205,1.0625600570961178
247_60,1.5277040646723152,7.2277830326666255,False,13.304736,-7.2212796,2.1075166020539493
247_67,0.21155736728520166,1.210080934872,False,15.988307,-17.176252,0.7930291369731154
248C_63,0.37514457382576655,1.11720996855,False,17.27111,-8.286667,0.7500991693554326
248_60,1.1040125407418808,3.6093267850479003,False,13.268303,-7.2320337,1.5280818127324418
248_61,0.515664998942187,2.316061668804,False,17.255491,-11.076543,1.1987778344475266
248_63,0.6529268292682927,1.8987238355129998,False,16.570139,-8.786939,1.0642705834193997
248_66,0.6583002112994059,2.19041481456,False,21.389057,-15.797623,1.1601509442550426
249C_60,1.2920739735927944,7.589796029643,False,13.01758,-6.497326,2.1505749906202984
249_57,0.28,0.0,False,15.166047,-12.331743,0.0
249_60,1.489477504512472,7.114108254338801,False,13.255642,-7.2289996,2.093604306368759
249_67,0.24862544487478802,0.973964521158,False,15.887171,-17.26039,0.6800439677788503
24C_60,0.3994695512820512,2.236543036232,False,15.321082,-6.9871607,1.174505796066883
24C_63,1.1024717622237112,5.759715075252,False,16.341042,-9.308865,1.9109807405352333
24_55,0.6044444444444443,2.44360186896,False,13.440949,-15.034788,1.236517978535863
24_63,0.6727925572753518,3.4538678947851,False,16.79186,-9.479698,1.4937729084907545
250_55,0.4156203339014454,1.1827159606821,False,14.943703,-14.73787,0.7805699548933778
250_62,0.45992100729046537,3.6993167645600007,False,17.764345,-12.233034,1.5474171289063274
251C_63,0.770784892862211,4.2408975064500005,False,15.776273,-9.391123,1.6564927635231013
251_56,0.5623643489234326,1.4600761457139002,False,15.305277,-12.440454,0.9001923030074563
252_58,0.4641936758893281,1.4813640245730002,False,13.561157,-13.059029,0.9088084188853474
252_61,0.24541097060833897,1.2679430060849999,False,16.959845,-10.920202,0.8188732559576004
253_60,1.2399178895693836,5.571747631180999,False,14.290077,-7.1702685,1.8827797988261654
253_61,0.3507251372805137,1.9189847042780002,False,16.90093,-10.911188,1.0712358518027503
254_58,0.19654307459086862,0.8372378446277999,False,13.500051,-12.995578,0.6082632723362676
254_59,1.205272134265202,6.464196071763,False,12.233968,-5.550701,2.010117732192918
255_56,1.1476876259993045,6.52088694715407,False,15.226048,-12.935827,2.0176840761070474
255_57,0.788,1.5937153579504,False,14.978759,-12.342298,0.9530913489367495
255_59,0.35501395657817414,1.2538280871120002,False,12.1937895,-5.5638366,0.8126301425722239
255_63,0.6618524292347892,4.292629051428,False,16.656013,-8.425013,1.666315107561062
256C_60,1.0865627998587122,5.885346369816,False,12.990742,-6.6285543,1.929395438804253
256_60,1.0381616035334793,3.14118136506,False,14.089842,-7.2152147,1.4209811010107753
256_61,0.11062360487521188,0.67613853678,False,13.4207735,-8.941262,0.5164926578204208
257C_62,0.8348496613040771,3.23902346722,False,14.055714,-11.354489,1.4443329283825412
257_59,0.33306750222250603,1.8106049547924,False,12.226797,-5.662895,1.0333997465778515
257_60,0.6950760269689803,4.26376396278,False,13.992178,-7.209117,1.6608463531202613
257_61,0.10436300286178662,0.5954622557939999,False,13.3310995,-8.884052,0.4671635097932228
258_56,0.3336616393946919,2.2334239150944004,False,15.359807,-13.190826,1.173541611426465
258_57,0.9189830508474576,3.2044780408875,False,14.944274,-12.351036,1.4361501575128768
258_58,0.3058163265306123,1.45067633644245,False,13.76102,-13.271797,0.8963640421510704
258_60,0.8175567571218687,3.543334828192,False,13.946808,-7.20283,1.5136612860627279
259C_60,0.8330538414628449,1.7827143439364999,False,12.576225,-6.664074,1.0234268340619601
259_56,0.9705353803272792,2.2319958500099997,False,15.402303,-12.846792,1.173099856626465
25C_60,1.0157101883365143,1.945571503008,False,15.318359,-7.0170107,1.080302857022937
25_66,0.24009336362715902,1.2162737521899998,False,18.397268,-14.1085825,0.7958272956370629
260_56,0.405625,1.602030813424,False,15.408316,-12.836022,0.9562922222277278
261_56,1.3161870978198,3.0683061166000005,False,15.427425,-12.825882,1.4032267252568533
262_57,0.2560898702355029,1.0582732063995002,False,14.239968,-13.029921,0.7218673819534381
262_62,0.24978545974472607,1.65601941224355,False,17.142063,-12.323623,0.9768285404141159
263_58,0.19615384615384615,0.49850067348899996,False,13.606663,-13.05672,0.4044650572165886
263_59,1.3795647662950175,4.089715140784001,False,14.0663,-6.413408,1.6272218645138468
263_60,0.8361827601410929,4.55615343953,False,14.332074,-7.3221335,1.7149060414168051
263_63,0.6830976397613339,3.7003459730700006,False,16.58269,-8.205935,1.5476361172983242
265C_63,0.3953764705882354,2.196802113264,False,16.097288,-8.4112425,1.162150970527935
265_62,0.17116446408498698,1.4155158971100001,False,17.570961,-12.461369,0.8819128862823258
266_56,0.6215384615384616,1.9364114439101252,False,15.833983,-13.1383505,1.0771882385054854
267_56,0.32937769654757054,1.3111834436871,False,15.890957,-12.816456,0.8377597066305145
267_57,0.4295939244663383,1.3059879244538,False,14.311834,-13.010665,0.8355091852563133
267_58,0.28300306840378514,1.6572237590584,False,13.913818,-12.756141,0.9772818781578054
268_57,0.346078431372549,0.6663560320368,False,14.191619,-12.966361,0.510639225617015
268_58,0.15982397897364806,0.9066184412777499,False,13.955797,-12.965529,0.6453312233675774
269_57,0.6633640421408196,1.77911371125,False,14.18778,-12.924098,1.022132067969306
269_62,0.35601753601531094,1.9756310392220002,False,17.64414,-12.685337,1.0904561305287959
26C_60,2.6269753651215058,10.632245340921,False,15.208989,-7.0223074,2.4537810124635917
26_56,0.6898297872340423,2.7175280967299997,False,15.486283,-12.658131,1.313058957287297
26_57,0.033499999999999995,0.12254056932600002,False,12.446643,-16.831198,0.11559448191969826
270C_60,0.1125319304708087,1.360539362196,False,12.734531,-6.8479176,0.8588901362288662
270C_63,0.6926437652792111,3.942416806239,False,16.212593,-8.422005,1.5978544435970448
271C_64,0.30919202279120933,1.8687195995020003,False,21.554867,-15.659726,1.0538657976470827
271_56,1.9472983870967735,17.52698811095375,False,16.069117,-12.716784,2.9192284858530773
271_60,0.5171470382579163,2.1379180899384,False,13.922099,-6.9715495,1.1435595513374015
272C_60,0.66582313682424,3.701277026946,False,12.906004,-6.978089,1.547834179670968
272_57,0.5928423802814892,2.92275456992525,False,14.303138,-12.892219,1.3667941034363504
272_63,0.22557819486485337,1.473932886288,False,16.644499,-7.8312,0.9058091459903713
273C_60,0.2874279617353838,1.9110438744600002,False,12.969368,-6.965819,1.0685117366045602
273_63,0.27030207996060657,1.6977650597280003,False,16.709702,-7.856114,0.9924236745751027
274C_63,0.5850585661286742,2.4373408949040005,False,16.355223,-8.315643,1.2346981768026644
274_57,0.37903846153846155,0.0,False,14.2869835,-12.940134,0.0
274_60,0.778130874226855,3.9353799668639997,False,13.787205,-7.290626,1.596429664220219
275C_60,0.6838895232815966,4.083702193977,False,12.8461895,-7.081938,1.6260397745023358
275C_63,1.2918551616597107,3.6396408861119998,False,16.382486,-8.281246,1.5346369680085155
276_56,0.41464672330748864,2.400604399674,False,15.645833,-13.542624,1.2239531804338597
277_56,3.3488680198921563,11.108498447228001,False,16.330212,-12.631851,2.4939075570802314
277_63,0.23223981807903496,1.3219469913440003,False,16.422827,-7.631851,0.8424060541365641
278C_60,1.0988106077136908,3.10110277708,False,13.120144,-6.9754624,1.4112559075638236
279C_60,0.1366447251599426,0.0,False,13.111358,-6.9867473,0.0
279_59,1.1309927983539092,6.50887033075,False,14.871907,-6.661326,2.0160850324575246
279_62,0.2710877261156533,0.8679677215000001,False,18.060802,-12.784832,0.6248510599464342
27C_63,0.5698062550489245,3.2458523926400007,False,16.10502,-9.287052,1.4459425988143286
27_59,0.49276233032876277,1.535355358845,False,12.512737,-5.018611,0.9303338082226524
281_57,0.48127348058564984,1.7463356222399997,False,14.239367,-13.062204,1.0102675221059474
281_59,1.6127477896551723,7.981709203295999,False,14.965775,-6.648927,2.1951901986455677
281_63,0.1612238705348616,1.356349770573,False,16.958569,-7.702278,0.8571137142664998
282_56,0.16362920243566934,0.1673035712361,False,13.01292,-14.912078,0.15469644907049843
282_59,1.0027326486821215,5.6112758628299995,False,15.061255,-6.642982,1.888776655332923
285_60,0.7673165857142858,2.751950480769,False,13.740449,-7.1070647,1.322275832967597
286_57,0.6242725119677501,0.9332509640099997,False,14.324155,-13.182676,0.6592030231542388
287C_63,2.054045617950471,5.116075978140001,False,16.967436,-8.553426,1.81092071083792
287_56,0.26046135002635257,1.2652522232022,False,13.396522,-14.656841,0.81768610955745
287_63,0.6342935397012133,3.464326123064,False,16.403982,-8.431319,1.496118278652468
289_56,0.3736842105263158,0.6350482745145001,False,13.426427,-14.548102,0.49167232961028384
289_57,0.22333333333333336,1.0477709183477253,False,14.241152,-13.031337,0.7167518446453569
28_55,0.8650178118209667,1.8876445082079998,False,13.527882,-15.1202,1.0604411207282867
28_56,0.7086130401234567,3.652403080815,False,15.477972,-12.618554,1.5373838776816076
28_61,0.7801615918803418,3.9421574497800003,False,14.667125,-11.587034,1.597801966585422
28_63,0.8828452661728394,3.671346185424,False,17.208076,-9.643247,1.541447292544608
28_64,0.32311976780747315,2.607709073664,False,22.153946,-10.89091,1.2830729652641628
290C_60,0.9831016309523319,5.887834211927999,False,13.547694,-6.982844,1.9297566977196197
290C_63,0.2555268865139348,1.31105052009,False,16.922031,-8.663696,0.8377021917586243
290_59,1.9856024424357566,7.60314805873935,False,14.142057,-6.045043,2.152128189620068
291_57,0.7721536652263185,0.843087742368,False,14.307665,-12.876156,0.6114422860015372
291_63,0.22296858967077823,1.7388939296800001,False,16.502207,-8.374512,1.0075541636019019
292C_60,0.23306711214684075,1.1843487671203499,False,13.004337,-6.9733024,0.7813177370381857
292C_63,1.4904489109440666,4.936946486976,False,16.865274,-8.749642,1.7811949417690554
293_57,0.3124499552561742,1.592288566622325,False,14.152037,-13.059262,0.9525411020087385
293_60,0.7481114873691118,4.39473154647,False,12.976874,-7.454279,1.6854228377815894
293_63,0.6791314321303555,2.675912429782,False,16.710257,-8.42365,1.3018013820611578
294_63,2.0237438464156075,4.126471351859025,False,16.72239,-8.421953,1.6344175768668128
295_58,0.33484458367837994,0.7530381320962499,False,15.108934,-12.264503,0.5613503581818369
295_60,0.12072760866411665,0.9390856774260001,False,13.012521,-7.526163,0.662216561682468
295_63,0.6054623310446084,4.323362850503999,False,16.809708,-8.383493,1.6721052184095624
296C_62,0.6332078474976961,4.137752595599999,False,14.106952,-10.991812,1.6366157456404582
296C_65,0.658410719889362,3.1389186863360004,False,19.836731,-7.6770296,1.4204345668466285
296_58,0.39644444444444443,1.2705430446800003,False,15.101602,-12.240633,0.8200190296144373
297_57,0.21623544844712594,1.82765152098975,False,14.013058,-13.038976,1.0394465158976227
298_62,0.5224473987537918,4.39361771216,False,16.810917,-12.240491,1.6852163494139523
299C_62,0.32237089426995935,1.1756896404623998,False,13.865829,-11.338617,0.7773456903573188
299_59,0.6570565938835471,1.7376970625739998,False,14.155955,-6.8134074,1.0071170788801296
299_60,0.29183806065020507,2.151750767787,False,13.055992,-7.654615,1.1479580977357797
29_56,0.4633873964289425,1.4980972241655,False,15.469584,-12.584286,0.9155293317488334
2C_60,0.5795319947999423,1.43792703744,False,15.389594,-6.9201508,0.8911481033922196
2_59,0.41664612954169944,3.9509723219460007,False,12.580921,-4.8800216,1.5995839859669723
302C_63,0.8039154566498316,4.3144300355,False,17.435543,-9.013426,1.6704257690727788
302_56,0.287738154271559,1.332312771445425,False,13.55866,-14.320887,0.8468603810408212
303C_63,5.001918532818533,20.263053922361998,False,17.406897,-9.050182,3.0569710089928486
303_55,0.221524334251607,1.4284505851800002,False,14.064828,-14.130814,0.8872534347193511
303_63,0.6314224130344761,3.1564504000439997,False,16.611422,-8.255519,1.4246614408115865
303_66,1.203355046496713,3.9080388892220004,False,20.665434,-15.800519,1.5908744504566374
304C_62,1.4770861173716816,7.5596199547420015,False,14.046985,-11.158379,2.147055791357525
304C_63,0.32959897161864726,2.336541511824,False,17.397165,-9.137209,1.2049347950116853
304_56,0.2516096781414827,1.243870862214,False,13.625233,-14.295368,0.8082024379715215
304_60,0.4774972101352386,3.42483044049,False,13.1197,-7.2346168,1.4872319591923857
305_56,0.3780451623168759,1.61957560966344,False,13.377762,-14.734499,0.9630123236081707
306_60,0.9483377425044089,3.0005921488335003,False,13.594107,-7.1203194,1.3864423873718394
307_60,1.0589962861915208,3.1751461486442,False,13.573922,-7.0872626,1.4291493633534162
308C_63,0.5628775250727099,3.5093891043400003,False,17.783117,-9.541591,1.5061616907567734
308_55,0.43168062293290627,2.3043009017925002,False,13.9876995,-14.295729,1.1952249234830272
309C_63,0.4655882203733767,2.2231150926149996,False,17.749372,-9.529956,1.1703483119738787
30_57,0.041666666666666664,0.083261863745,False,12.413398,-16.889545,0.07997673356960078
30_58,0.6206657342657345,1.9585119442583996,False,14.65958,-12.372407,1.0846864203948072
310_66,0.12489799249272003,0.63369011394,False,20.318104,-16.327745,0.49084132970068267
311_60,0.629405849610747,3.6645967632758247,False,13.266771,-7.4069905,1.540001391822819
311_63,1.1734910653442314,5.289572847096,False,16.860409,-8.946399,1.8388931585647181
312_56,0.15171358887665834,0.73122334058355,False,13.1930485,-14.258302,0.5488282918940369
313_56,0.2793461566280085,0.9509496483143249,False,13.176305,-14.3042,0.6683162531656138
313_63,0.7474316448518964,3.7072900512799998,False,17.116085,-8.893426,1.5491123817824435
314_63,0.8659221736490588,3.423434642682,False,17.162031,-8.896669,1.486916462808302
316C_63,1.7249421296296295,8.216796940360002,False,17.381687,-9.41709,2.2210275737782808
317C_63,0.621711162255466,2.979276996744,False,17.787771,-9.606169,1.381100143684784
317_62,1.2751543373889638,5.0024819871,False,16.681074,-12.409951,1.7921730482091434
319_60,1.1727668528325446,4.2712724564055,False,13.013506,-7.232444,1.6622717862365963
31C_60,0.8331655603364659,2.885900763822,False,15.333249,-7.1326566,1.3573548137846072
31_55,0.6682671682407809,0.0,False,13.48112,-14.960493,0.0
31_61,0.22396880815153528,2.0380047737280003,False,14.858209,-11.318201,1.1112009755113854
320_56,0.4194163802730345,0.4521438087375001,False,13.130095,-14.207323,0.37304095332852033
320_63,0.6347852880658438,2.9852767053056994,False,16.817165,-9.03775,1.382606746545664
321C_63,0.21993773015548285,1.1283013935000001,False,17.250679,-8.850723,0.7553241937343276
321C_65,0.2289437148929909,1.03242435075,False,17.562828,-8.244511,0.7092293419439565
321_56,0.3476844987333756,1.717545182067,False,13.09389,-14.1963415,0.999728966210614
321_62,0.49277710681696185,1.28969491983,False,16.677576,-12.551974,0.8284185859095459
322_56,0.17015843120915583,0.6887922985240001,False,13.004964,-14.211269,0.5240136572170848
323C_63,0.7491111111111112,1.2964777228,False,17.243652,-8.778831,0.8313765242358989
323_62,0.37,0.0,False,16.449577,-12.535716,0.0
324_60,0.8602812425414289,4.0875533716155,False,12.979634,-7.175806,1.6267970414489195
324_62,0.5459467120181406,1.6766056106399998,False,16.524126,-12.582794,0.9845494285596631
325_55,0.36070457574931947,0.7143754324224,False,13.954319,-13.637897,0.5390488349429616
326C_63,0.2774801737424688,2.1372142433040002,False,17.555487,-8.641956,1.1433352224786704
326_60,0.3370314791430861,1.6248651967835999,False,12.997917,-7.0925713,0.9650295411186978
326_63,0.5857192139629628,4.1300580643,False,17.713303,-9.410109,1.6351169776956216
327C_63,0.3930581140350877,1.2643609668040001,False,17.238787,-8.75775,0.8172925852663834
329C_63,1.0070833333333333,1.6820672445600002,False,17.325815,-8.672345,0.9865878570880544
329_56,0.3287599725547197,0.5167875566720002,False,13.468234,-14.138981,0.41659464881408403
32C_65,0.42597942455379567,1.60126102396,False,21.170036,-10.4173565,0.9559963366638679
32_56,0.6868713770979705,1.110619143144,False,15.133748,-12.734926,0.7469813372146682
32_59,0.3951863602899535,2.3917211000772,False,12.635927,-4.749513,1.2213374916945734
32_60,0.9684817168100374,2.795319048,False,16.163391,-6.8571324,1.3337684779330927
32_63,0.7964898475654808,4.640000847368,False,17.219511,-9.707325,1.7298842157525094
330_60,0.38419856981111794,1.7200325874732003,False,13.092801,-7.726055,1.0006438609248147
331C_63,0.2918024438042449,1.4272696352730003,False,17.346903,-8.974874,0.8867670187494565
331_63,2.630556468418843,13.54331208091,False,16.83014,-8.799912,2.677131237149128
332C_65,0.5457524458234843,1.909063695924,False,19.208893,-9.866896,1.0678312754314772
333C_63,0.7201795448862215,3.59783067488,False,17.811625,-9.549736,1.525584599842981
335_56,0.3783924306625578,0.6674603046534,False,13.372854,-13.9712515,0.5113016932189836
335_60,0.7170121974847209,3.81388928935905,False,13.342232,-7.696448,1.5715053414560172
335_63,1.4971428571428573,3.292008406016,False,16.946356,-8.839372,1.456754783297755
336C_63,0.4207362963868455,3.48496625937,False,17.911348,-9.660559,1.5007309724880358
336_56,0.27911915552810485,1.1779763938347,False,13.440178,-13.95937,0.7783961859922985
337C_63,0.26527149957722035,1.1425289192019998,False,17.909365,-9.691109,0.7619868692759484
337_60,0.6609581842524008,2.4966764822437497,False,13.043218,-7.517506,1.2518129408602028
337_63,0.8236514544350406,3.7953968843124004,False,17.050678,-8.903155,1.5676564753610867
339C_63,1.0346237214689564,5.382262390626,False,17.984413,-9.761505,1.8535226411798
339_63,0.22006857142857145,1.629841805472,False,16.817719,-8.904003,0.9669236943699424
33C_60,0.7993044678925638,3.638160586006,False,15.133485,-6.6289673,1.5343178622110891
33_56,0.30182247946127944,1.8372299742668998,False,15.147598,-12.717349,1.0428282150252552
33_57,0.10959459459459459,0.0,False,12.159915,-16.919441,0.0
33_60,0.895931919642857,4.48134037299,False,16.197865,-6.7713447,1.7013496646630974
340_55,0.8893140838206628,1.081130059575,False,14.267356,-13.512336,0.7329110440529674
342C_63,1.713529411764706,4.8169241968500005,False,17.662369,-9.671994,1.7607716335303245
344_60,0.5500654146519076,2.8682584429356,False,13.365692,-7.6517363,1.3528043910093437
345C_63,0.7980336700336697,5.230282871489999,False,17.833733,-9.513666,1.8294217365021452
346C_63,1.1902878285604355,3.3792070402869996,False,17.860495,-9.53461,1.4768676669680838
346C_65,0.6427743018104365,4.6724315903,False,19.343903,-10.216855,1.7356178777137268
346_63,0.7917223864658454,1.41468414024,False,17.515545,-9.199912,0.8815684877597845
347_55,0.33247137141466365,0.971554921096375,False,13.739624,-13.793807,0.6788225314653478
347_60,0.4378414006504375,2.4634455731424003,False,13.462331,-7.57952,1.2422639239474644
348_55,0.25133444551847317,1.4936462032485,False,13.684101,-13.836911,0.9137459780322919
348_60,0.5688482229571881,2.5060750859235004,False,13.47596,-7.5717063,1.2544972026768741
348_63,0.335561774902871,1.576131066176,False,17.398787,-9.217209,0.9462886866744858
348_67,0.2826164760353974,1.41969068575425,False,16.750341,-14.545738,0.8836397161954301
349_56,0.44,0.0,False,13.289636,-13.856998,0.0
349_63,0.6550369944366444,3.3417775911000005,False,17.310678,-9.175047,1.4682838474587752
349_67,0.31530283101843626,1.3569435095436,False,16.734154,-14.491163,0.8573656565660572
34C_60,1.50793485203371,7.27104167305,False,15.0943,-6.571678,2.1127604591507096
350_55,0.1750092826458434,0.98427528768985,False,13.63398,-14.205923,0.6852537531131848
355_62,0.20828609221466363,1.5892977243838502,False,15.724394,-10.1952715,0.9513866900573963
358C_65,0.9099074132953072,2.9502757709279996,False,19.631968,-8.469957,1.3737853919008571
359_55,0.5987113690779157,2.6518800478086995,False,13.530798,-13.809271,1.2952421165768362
35C_60,0.6450614961830367,1.4977017767400003,False,15.319554,-7.0496283,0.9153710197646027
35_65,0.7560424125910756,2.1484093670599997,False,20.911963,-8.940605,1.1468973624627765
360_55,0.1496899048611854,0.44165436945000003,False,13.492331,-13.757073,0.3657913218180818
361C_63,0.36780486360745507,2.509606656114,False,17.506895,-8.833966,1.255503967412974
362C_63,1.8939511738968693,3.544254260019,False,17.505274,-8.854507,1.5138636349632366
362_55,0.29407440447009914,0.9304414448628,False,13.718059,-14.014361,0.6577487046707408
362_66,0.4578549590644757,2.8806789097920005,False,20.71179,-16.718584,1.3560101150790516
363C_65,0.8728440306246515,3.83445506337,False,19.488674,-8.565969,1.5757684159080918
364_63,0.8263077740413807,3.5893490533600003,False,17.19538,-9.265882,1.5237381955751808
366C_63,0.7063298581048582,4.982317703934,False,17.366896,-8.886399,1.7888080687830945
367_67,0.22948977624608585,1.3137619090869,False,16.899265,-14.416701,0.8388747319855276
368_63,0.9254697674418606,4.2298991169599995,False,17.40845,-9.747542,1.6543919885905993
36_60,0.33786859150739945,2.333914102598,False,17.018465,-7.30621,1.2041470199289166
36_63,0.5164888954604326,1.9961490420983998,False,17.212843,-9.20802,1.097327811446469
370_55,0.26086669257042494,1.4686423062235496,False,13.805391,-14.265981,0.9036683259202689
371C_63,0.47729749681419864,3.4336247348840003,False,18.235643,-9.48134,1.4892174740725808
371_63,2.25,4.03279694376,False,17.795544,-9.179372,1.6159758820091525
372C_63,0.6524391857110984,2.5872708881450004,False,17.893656,-9.5509,1.2773917151146446
375_55,0.22637939540589055,1.2044330211029999,False,14.070924,-14.46105,0.7904703425477563
377C_63,0.4095114648685854,2.2707001738200003,False,15.942358,-9.490395,1.1850040824229044
377_62,0.3712499999999999,2.6386234627717498,False,14.143503,-10.7470875,1.2916054405563049
378C_63,0.4420818824522528,2.3575912260000003,False,15.873126,-9.454906,1.2112238198577516
379C_63,1.5481818181818183,6.741279679560001,False,15.801735,-9.428824,2.0465670072120816
37C_63,0.893262819998931,2.9915455933400006,False,18.344236,-10.086889,1.3841785226465213
37_66,0.12518518518518518,1.005341778,False,18.004162,-15.2603,0.6958145090742858
384_55,0.7638295867285116,2.206854557292,False,13.747284,-14.775671,1.1652905680430627
384_66,0.28397212538625577,1.317921587505,False,20.746744,-17.595207,0.8406709166943999
386C_65,0.42771492769353975,1.7861052562500002,False,17.79294,-8.120175,1.0246446550639088
387_67,0.16693069479356257,0.9411979518,False,16.991304,-14.590601,0.6633052834278235
38C_60,1.2414140492975503,6.07121913965,False,15.321419,-7.066976,1.9560329034655992
38C_63,0.6082127213583847,2.6535730769600003,False,18.373627,-9.950584,1.2957056139541228
38_63,0.5347960442924538,2.823858398436,False,17.047977,-9.261534,1.3412599648058399
392_55,0.6434016486436788,1.7680230866775748,False,13.571305,-14.865133,1.0181333782833486
394C_65,0.4108877097642252,2.0220098712,False,17.769842,-8.509416,1.1059221302912752
394_66,0.13899725274725272,0.49657907406000007,False,20.304642,-17.86043,0.40318188624644247
394_67,0.3797148244704823,2.3090289489630003,False,16.705015,-14.628988,1.1966547774545462
396C_65,0.42299587912087916,2.07234922185,False,19.480125,-10.0545225,1.1224424878120896
399_67,0.28114364098430944,1.23263335426,False,16.775316,-14.561463,0.8031817651357392
39C_60,1.7368980330563508,6.246540148011,False,15.300679,-6.884021,1.9805241339964188
39C_63,0.5161075507562102,3.5612298450800006,False,18.326706,-9.926148,1.5175922900314354
39_57,0.03922264725403871,0.054614997548800004,False,12.555003,-16.192461,0.053175769091058034
3_66,0.4513578493999224,1.5768475140600002,False,17.65662,-14.720756,0.9465667580374698
400_55,0.3367952874772548,1.552209276078825,False,15.354073,-14.722739,0.9369593668534211
400_66,0.20701318483431883,0.706528251954,False,20.25362,-17.871702,0.5344610447236285
400_67,0.3054800867605997,1.0121033844275997,False,16.669403,-14.401901,0.6991806348277227
402_55,0.15706918576438528,1.2963137119737,False,15.637624,-14.6352825,0.8313051032586135
407C_65,0.6410393690388118,3.532729074534,False,19.244068,-10.108991,1.5113242028074718
408_55,0.29023290544482744,1.8666796336519997,False,15.7976,-14.55055,1.0531544379480986
40C_64,0.7693565134555845,6.7617310552020005,False,22.336973,-11.635276,2.049205383441764
40_56,0.3592333814911198,1.79278337158773,False,15.379327,-13.064607,1.0270387227619358
40_59,0.6541706288855494,2.61983142188,False,12.513488,-4.7241917,1.286427456211895
410_55,0.3926763787368991,0.553145233368,False,15.971471,-14.508105,0.440282057738643
412_55,0.4196575387615286,1.6562969694,False,16.130713,-14.479679,0.9769330361319017
412_66,0.3929670365970825,1.2045962607,False,22.064087,-17.907639,0.7905443904102862
415_66,0.2431295306533819,1.5838149357179998,False,22.328465,-17.856855,0.949266964051391
417_67,0.27423610426967415,1.5382477381206003,False,16.84978,-14.768663,0.9314739760811384
420_67,0.13644906113354502,0.69692635662,False,16.818329,-14.984651,0.5288185890935929
425C_65,0.4011791536903238,2.420348557746,False,19.193947,-9.500294,1.229742463350872
425_66,0.2318836429308566,1.0272572193312,False,18.317286,-17.255795,0.7066837559811882
427_55,0.3080502690699948,2.044568032084,False,16.204712,-14.952893,1.1133590297140175
428C_65,0.7496294481923859,2.8229275720880005,False,19.3102,-10.748165,1.341016509226938
428_55,0.3248450862992792,1.4975183111330002,False,16.21844,-14.914486,0.9152975632986792
42C_64,0.7870489115329592,3.194359278250725,False,23.633633,-12.103413,1.4337405936296688
42_59,0.21564181571260208,1.4765858892848747,False,12.529499,-4.69413,0.9068809541668963
42_65,0.6223053423234292,3.0699347852354997,False,20.863735,-8.673692,1.4036269760424684
432_67,0.3249949663231195,1.009481861748,False,17.466503,-14.643743,0.6978769086150756
433_55,1.0215895370215256,3.7351455861946503,False,16.071123,-15.219664,1.5550124729857797
434_55,0.7984429249055229,1.37798957646,False,16.088991,-15.193085,0.8662554149368639
435_55,0.25437472506563724,1.6350210438548,False,16.0971,-15.153703,0.968891168244092
437_67,0.18566499137072467,0.8780175644200001,False,17.288101,-14.643743,0.6302167334686394
43C_60,1.4401507914239386,7.33365436788,False,15.1775465,-7.1285396,2.1203020596036555
440_55,0.2387439602168876,1.75536149434425,False,15.847837,-15.583282,1.0135486479151428
441_55,0.12989399879035454,1.1081789249212,False,15.79141,-15.708116,0.7458245060719745
441_67,0.5287169417149576,1.6545967328670002,False,17.605412,-14.681874,0.976292753465216
452_63,0.5100715616531164,1.3397951267200001,False,20.029406,-11.539984,0.8500633728528895
453_55,0.26176172953980276,1.5435463001420002,False,15.784143,-16.272383,0.9335592884340529
453_67,0.1900035968153663,1.190948024402,False,17.492378,-14.348223,0.7843343380142878
454_55,0.3856234857375934,0.8631254240700001,False,15.799119,-16.331903,0.6222554130623836
454_66,0.1284,0.0,False,19.6102,-16.241764,0.0
455_55,0.4001104740596783,1.048594249597,False,15.801051,-16.3894,0.7171538260247535
457_55,0.4359028971321907,0.6374558645551999,False,15.762436,-16.511206,0.4931437352206434
458_66,0.23602186665923244,1.8503634630040002,False,19.864468,-16.606018,1.0474465170277845
459_55,0.12852125158210448,0.9592894971100001,False,15.908988,-16.145693,0.6725819060483939
45_58,1.0431583644583204,0.9913547536992002,False,14.707701,-12.29171,0.6888151878636694
45_63,0.4959952194041868,3.1172238529199996,False,17.293575,-9.86692,1.4151791141344916
462_67,0.24341669747477646,0.8032583283900001,False,17.587708,-14.856871,0.5895952109352746
463_66,0.32918902240000186,2.7828469522540003,False,19.979107,-16.854883,1.3304768881193068
468_55,0.26632416305212403,0.43782025870139996,False,15.293313,-16.346376,0.3631282575375034
46C_60,0.47290691420386655,3.369661192044,False,15.844324,-6.035486,1.4746854756771461
46C_62,0.3905079249655486,1.5723482313600001,False,18.247341,-12.123669,0.9448191904298229
473_66,0.2596887517456494,1.4146258138199999,False,20.319473,-17.761946,0.8815443325821056
475_67,0.1753678258929252,1.135742986092,False,17.128666,-14.532788,0.7588145889950355
47C_62,0.5821867085981377,3.34963666598,False,18.293327,-12.1575,1.4700923165501114
47_56,0.5614523982760316,2.50714236392685,False,15.868637,-13.297361,1.254801564553351
47_57,0.04560873694207028,0.149122836629,False,12.501676,-15.543039,0.13899890057540384
47_58,0.4717942788461537,1.9407880913120001,False,14.579492,-12.1977005,1.0786776036987793
47_59,0.6295471169686147,4.646468816292,False,12.483497,-4.798658,1.731030361504866
47_63,1.1626282018980432,5.35305585,False,17.277157,-9.7834215,1.8489359333680588
480_55,0.01450463555679391,0.0,False,16.202206,-16.582369,0.0
480_67,0.49085206798436254,2.615633781744,False,17.613857,-15.7658825,1.2852671602284846
481_63,0.3661005671094992,1.64497545978,False,20.455881,-11.810837,0.9726617873012485
482_55,0.19852985371053153,0.78000114621,False,16.47324,-16.461855,0.5766140082419887
482_66,0.24622222222222226,0.0,False,20.74341,-17.928507,0.0
482_67,0.6202674897119344,3.7060822147200008,False,15.090784,-12.200792,1.548855760343814
483_55,0.32185688507394516,2.138405563896,False,16.601444,-16.394299,1.143714888756396
484_55,0.27199999999999996,1.020507420864,False,16.766481,-16.304628,0.7033486783155907
486_66,0.376969696969697,0.8533863718380001,False,21.365055,-17.979832,0.6170144370830986
487_55,0.21266790921877401,2.3226128175299996,False,15.993424,-16.674921,1.2007514666435324
487_66,0.3165469195156695,1.3281281975079997,False,21.292364,-17.9639,0.8450645960110991
48C_60,0.3789423589283525,1.997215715664,False,15.956262,-5.902421,1.0976837629428238
48_64,1.2699671501338166,4.88772127557,False,23.73543,-11.091754,1.772869042597211
490_66,0.10005737701118605,0.462280412638,False,21.315763,-17.755783,0.37999714364616854
492_67,0.1415475983205329,0.6450733945304999,False,13.517255,-10.143211,0.4977849999579045
494_66,0.2481866155297004,1.3770735111419998,False,21.38248,-17.998255,0.8658701139166853
498_55,0.3646134672329118,1.883505915378,False,15.734649,-17.092432,1.0590068855288297
49_55,0.6621717002144714,1.7989386198000001,False,13.360368,-15.082371,1.0292402809609609
49_58,1.1514012916056402,2.782542280729875,False,14.513542,-12.019297,1.3303963446033271
49_62,0.46680462519936206,1.5144222370095002,False,17.085178,-12.762629,0.9220430503252623
4C_60,0.5829414170526924,3.096516022165,False,15.4670515,-6.980823,1.4101368617760213
4_60,0.7225714285714285,1.973986995474,False,16.105507,-7.049019,1.0899034752893308
500_67,0.1269525963850575,0.47319446326799997,False,13.677502,-9.829606,0.3874331472786969
503_55,0.3657409564686038,1.3056980505,False,15.854445,-17.342915,0.8353834724667799
506_62,0.20532551184725098,1.3914276220084498,False,13.887573,-10.60926,0.8718905189963283
508_62,1.2741195683343212,4.4937749215734994,False,13.948196,-10.580706,1.703615618791186
50_56,0.45613611222843786,0.9679987477602001,False,15.682431,-13.287272,0.6770171623291479
50_57,0.06345472717565535,0.077544040056,False,12.325051,-15.887895,0.07468441460227365
50_64,1.0252921659163692,5.824770788259,False,23.962458,-11.08769,1.9205587563691882
50_65,1.3659003736772486,5.462777682944,False,21.461262,-8.306795,1.8660592072586686
50_66,0.27836611669502725,1.2641078098,False,19.303165,-14.959132,0.8171807783767912
515_67,0.6318646084697584,2.5769916386060006,False,13.609338,-9.748435,1.2745221227303971
51_63,0.45794725530866853,3.060278459112,False,17.131996,-9.891022,1.4012515572499071
522_62,0.3173692178301094,1.4212900988964,False,14.014914,-11.861688,0.8843004968394753
527_67,0.6492716643683931,1.62448019685,False,13.25925,-9.706977,0.9648828561873701
52C_65,0.32907680622559116,0.948183410988,False,20.212898,-11.067851,0.6668973542727819
52_57,0.0684,0.23565679988250005,False,12.035,-15.742659,0.21160265048007018
532_55,0.2884543586962478,0.560593902484,False,15.01428,-17.359785,0.4450664555315426
53C_63,0.3841273048397652,2.344725469632,False,16.392656,-9.611405,1.2073846183532186
53C_64,0.5438997619640882,2.1125235905760005,False,20.963697,-11.496194,1.1354338410636295
53_57,0.09857142857142857,0.16506274781699998,False,12.109259,-15.678677,0.1527749463543482
545_55,0.21670947458337764,0.0,False,16.21722,-17.172064,0.0
548_55,0.31079124315418183,1.3169208284511997,False,15.861386,-16.843304,0.8402390750136957
548_66,0.5319940539937528,1.346844463104,False,17.463104,-15.696304,0.8530716441590515
549_66,0.16198365604898396,1.2169632497960001,False,17.659885,-16.13904,0.7961383539500972
55C_63,0.4952134038800704,2.009096271168,False,16.409956,-9.583643,1.1016397915422131
564_67,0.4074463780427962,1.569878699984,False,13.571215,-9.240488,0.9438586993434411
56_63,0.43998734854836863,1.4205269475000002,False,17.368233,-10.174232,0.883985263366006
576_66,0.9351219512195122,3.0696865138961997,False,17.36526,-15.612955,1.4035659728753056
579_66,0.1777561538018101,0.7848094805688,False,17.227552,-15.505688,0.5793116759602671
57C_63,0.5481197741742124,3.334713528517,False,16.48309,-9.510037,1.46665552466182
58C_62,0.27359761848817604,1.5194297221839999,False,17.62263,-12.231043,0.9240325751928251
59C_63,0.653904384035198,1.7380862511012003,False,16.638796,-9.507168,1.007259227867977
59C_64,0.45449523242178735,1.4471306469900003,False,21.13555,-11.736352,0.8949161737136849
59_56,0.8284210526315791,3.108022462818,False,16.154673,-13.224063,1.4129417601180612
59_60,0.6743055177022276,4.770105489178,False,16.160004,-7.1721964,1.7526903627060944
5C_63,0.19016450216450215,1.02498538464,False,16.486906,-9.806302,0.7055624830707281
5C_65,0.7953973687410107,2.237190759144,False,20.572273,-11.070159,1.1747059040523626
5_55,0.14,0.0,False,13.430321,-14.983569,0.0
5_66,0.6234191701785282,2.170829230836,False,17.678362,-14.764967,1.1539931406957826
60_56,0.6951011342592592,2.95816187478325,False,16.129726,-13.307623,1.3757797444702053
60_58,0.3765630171493394,1.0108898348006252,False,14.206093,-12.371038,0.6985773279874411
61_57,0.24683631950959162,1.23836819479,False,12.769929,-14.713273,0.805747115924451
61_60,0.47030267270973697,1.993110387114,False,16.39297,-7.068015,1.096313109952558
61_63,0.8031405609389587,3.5087284392299996,False,17.578049,-10.080799,1.5060151712402576
62_55,0.24444601468283209,3.890503190366,False,13.521967,-15.158792,1.5872952001080791
62_58,0.4349270010751489,2.8127744816024,False,14.141069,-12.494195,1.3383571345164018
63_56,0.48342803723855404,2.9808586548,False,16.112125,-13.439604,1.381497538439359
64C_60,0.3849262417047027,1.8411146585640001,False,15.474392,-6.3699574,1.044196460580723
64_60,1.479029304029304,7.625713173429999,False,15.810711,-7.557309,2.1547476462735533
65C_64,0.4029183808103925,4.012302338625,False,21.31892,-12.218225,1.611895358164386
65_57,0.3425561883372102,0.5514201751968,False,12.8246,-14.355814,0.43917075350006723
65_58,0.907105720998187,2.9908306764214,False,14.367275,-12.448232,1.3839993988126273
65_62,0.2255805776145323,1.9623398603759996,False,16.598026,-13.328045,1.0859794494309118
65_63,0.6776817261864134,5.2355727194520005,False,17.227514,-10.388085,1.8302704304792132
65_64,0.4974343569760236,2.5161295271310005,False,23.70438,-12.44657,1.2573608184876666
66C_60,0.28235619142281393,1.552183251525,False,15.472032,-6.2387686,0.9369491699284453
66C_63,0.9017164318537595,3.9785494619520003,False,16.635616,-9.309238,1.605138575908028
66_57,0.11523772947477846,0.44894746672390007,False,12.827094,-14.89312,0.37083740783239216
66_64,0.315926559227238,1.8195128058120003,False,23.739908,-12.516184,1.0365641061281674
67C_64,0.4043088423573611,2.06981930925,False,20.745966,-11.4405365,1.1216187029451452
68_63,1.173948319773134,6.209237103417001,False,17.86176,-10.124946,1.975363134799322
68_65,0.39653953039927414,1.70966968902,False,21.302881,-7.5116177,0.9968267414924313
69C_65,0.8768013723750866,7.365135472079999,False,20.056095,-10.54103,2.1240725294158365
69_58,0.44593833543205785,2.7813014627052,False,14.505379,-12.359147,1.3300682526760228
69_63,4.944246031746032,18.47024143278,False,17.513752,-10.34736,2.9688872195527316
69_65,0.6169782655178191,2.9213659466000004,False,21.348356,-7.597022,1.3664400488710668
6C_60,0.46557892428643993,2.992621403655,False,15.555801,-7.0370646,1.3844480085733348
6_66,0.8819999999999999,2.333798196235,False,17.674738,-14.782361,1.2041122534729518
70C_62,0.31830602364028304,1.434707598368,False,18.418655,-11.724476,0.8898266665182862
70_57,0.06576245210727971,0.2678225190526,False,12.663789,-15.039849,0.2373008770170118
70_59,0.6739583333333333,2.1909567676500004,False,12.66829,-4.7296906,1.1603207989906026
70_60,0.6025401218975314,2.246634153504,False,15.881106,-8.175742,1.1776188146150406
70_62,0.364245274109228,2.026139136848,False,16.599943,-13.301733,1.1072875947611776
70_64,0.8962508253661329,5.039372295732,False,23.543854,-11.988028,1.7983000819985115
70_65,0.40404320987654313,2.138267007995,False,21.36517,-7.6217127,1.1436707392808783
71_56,0.33691802032238366,1.24230446323005,False,16.320494,-13.013269,0.8075041152649963
71_57,0.0699164896408096,0.11858753487599999,False,12.543663,-15.018229,0.11206675983888076
71_60,0.492699483235988,3.364500923964,False,15.7398,-8.018475,1.473503846893096
72C_60,0.3643326074332172,2.218551843505,False,15.153948,-6.1119246,1.168931520351906
72C_63,0.5076403381285048,3.057407234856,False,16.215214,-9.596861,1.4005441575096422
72_56,0.55388671875,2.3068256795774995,False,16.149408,-13.156582,1.195988720054358
72_58,1.2721047840576023,4.0227384530736,False,14.275763,-12.547403,1.6139752935483194
72_62,0.38181254659100167,2.26953285779,False,16.613169,-13.135094,1.1846471177591826
72_64,1.1008841072917506,6.218617482584849,False,23.678677,-11.890671,1.9766634501627245
73C_60,0.6822803651969989,0.9980451348480001,False,15.094763,-6.099337,0.6921692699852253
73_57,0.05923122653316649,0.0686736888117,False,12.498387,-14.89828,0.06641833643811838
74_56,0.5709390457781475,2.9133877802931,False,16.0539,-13.277492,1.3644034388274977
74_58,0.3923007303219894,2.3209199839198,False,14.120494,-12.458791,1.2002418481325896
75C_60,0.608202164920305,2.09561387733,False,15.100938,-6.080817,1.1299862313250388
75_56,0.8715563997045478,6.814961826599999,False,16.0078,-13.306776,2.0560400792293922
75_60,0.5058639748454562,1.7458480610999998,False,16.777346,-7.1764274,1.0100899748244319
76C_60,0.7852108103648792,2.2050940006095003,False,15.064023,-6.1364183,1.1647414193058747
76_62,0.48040043734161786,2.6715585957,False,16.755775,-13.048964,1.3006162573899647
76_64,0.32,0.0,False,23.591204,-12.631385,0.0
77C_60,0.6220311296955453,3.0729277720960004,False,15.063864,-6.181986,1.4043620951665388
77_63,0.7323425785919184,3.9033926127239997,False,17.629879,-10.014468,1.5899273354827628
78C_60,0.9616391285591028,3.8234705069159993,False,15.079751,-6.1983733,1.5734936911526407
78_58,0.8711433865838621,4.0884056331066,False,13.949449,-12.444914,1.626964546348005
7C_62,0.44928641047062096,2.45098157129885,False,17.147228,-12.232175,1.2386587039969572
7_56,0.850656751895972,3.20174890197018,False,15.72312,-13.005454,1.4355008438477195
7_59,0.673923662856222,3.965444532918,False,12.574562,-4.855259,1.6025028268060855
80C_62,0.3116523799847683,1.8860542752539997,False,18.071785,-12.151834,1.0598902665691583
80_59,1.3003523050873544,5.907642727815,False,12.806885,-4.583683,1.9326284403330527
80_60,0.592452965243284,3.0363811767180007,False,16.905424,-7.079431,1.395348542213655
80_63,5.3,6.41213158016,False,17.527134,-9.831319,2.0031180605807073
80_64,0.4339800142519944,2.7783261575340004,False,23.356873,-12.645496,1.3292810960925787
80_66,0.20307811923687252,0.7159460666880001,False,18.459534,-14.046317,0.5399645709028505
81C_63,0.39320770010131695,2.116903170816,False,16.936499,-9.727028,1.136839935437743
81_57,0.301320325203252,0.5470981463808,False,12.383265,-14.778052,0.43638101261716006
81_59,1.1034044402751717,5.013344185307999,False,12.721819,-4.716563,1.7939810306168458
82_56,0.848079995377072,2.1389948100283007,False,16.05776,-12.536785,1.1439026244746653
82_58,0.22393939393939397,0.45262437548705003,False,13.874715,-12.373713,0.3733718346405261
82_59,1.302239167327746,4.627282103748,False,12.7135105,-4.719697,1.7276265731464944
82_64,0.3533502459554789,2.2334244335460003,False,23.444607,-12.646074,1.1735417717678158
83C_60,0.39545504847969526,2.34757782252,False,15.408327,-6.1237283,1.2082370462651641
83C_65,0.3811494755244754,1.7767669762799998,False,21.37613,-10.299628,1.021287292769281
83_58,0.186840048094732,0.56551737788,False,13.835283,-12.348327,0.44821636225289496
84_57,0.033134920634920635,0.05918628573,False,12.35676,-14.47001,0.05750095835432148
84_63,0.46941224445452717,2.161836655642,False,17.402494,-10.243269,1.1511530788956887
84_64,1.040798272487996,4.803054096936,False,23.229591,-12.643509,1.7583843474011043
85_62,0.2201423234442113,1.2313766577599998,False,16.933445,-13.139938,0.8026187303173518
86_56,0.5355319148936171,1.7355475919519998,False,16.15031,-12.301493,1.0063316322691407
87C_65,0.4511522762951333,1.6627374044424,False,22.211657,-10.511767,0.979354693048249
87_56,0.9226228044734767,1.7664354215235,False,16.132753,-12.265295,1.0175596400593565
87_59,1.1526983964534867,0.8986754576579998,False,12.99655,-4.6143994,0.6411565155175736
87_63,0.5798047235682164,3.6915484128899996,False,18.466599,-11.268903,1.5457626799721405
88C_62,0.28192153433656825,1.3238201632320001,False,18.412195,-12.090148,0.8432124535651976
89C_60,1.132888545255246,2.155398782328,False,14.929331,-6.181207,1.149114884940147
89_60,0.5636189778419465,3.41836397714,False,16.284765,-6.615417,1.4857694866519966
8_58,1.1111637073863634,2.1374183115558,False,14.937015,-12.366391,1.1434002679614417
90_59,1.0284041308937715,2.607831298608,False,12.702957,-4.6312785,1.2831068435151893
91C_60,1.0278020972239885,1.5771400882650002,False,15.031459,-6.0374937,0.9466802911803056
91_58,0.45348463356974,1.2189267877019998,False,14.118881,-12.314203,0.7970236500316704
91_64,0.3712749459939083,1.3724559070740003,False,22.903032,-12.652677,0.8639256663235525
92C_65,0.37272753644583506,1.1166835548329999,False,22.177963,-10.192176,0.749850502865921
92_58,0.6921666666666667,2.1009787309131998,False,14.139322,-12.271902,1.131717781311559
93C_60,0.8404101701726455,3.618615445975,False,14.982655,-5.983944,1.5300949731601208
93_56,0.8385720447028697,1.6140159063630002,False,16.280224,-12.585651,0.9608877002496984
93_59,0.6908212631290707,2.876882283595,False,12.6484585,-4.5720034,1.3550312954718373
93_63,0.4660139490486763,2.139310897244,False,18.27855,-10.989642,1.1440033163589742
94C_60,0.6106359424876414,3.878622412713,False,14.9702,-5.954366,1.58486288753619
94_59,1.7202298297866812,6.966850238612,False,12.8241205,-4.517488,2.0752892125074793
94_62,0.1981550649990158,0.7367538511440002,False,17.586447,-13.25776,0.5520177680313199
94_63,0.7240202154304753,0.0,False,18.243307,-10.964631,0.0
95C_65,0.6616683462103715,0.9407285062032,False,21.76543,-9.409496,0.6630634212471938
95_56,1.4830830360681724,7.9132433805,False,16.301075,-12.664601,2.187538191013851
95_58,0.2806272359396434,2.0104231092138,False,14.123535,-12.182403,1.102080636727167
96_57,0.095,0.0,False,12.404717,-14.220589,0.0
96_62,0.2530116288495144,1.4372147319749997,False,17.34169,-13.037946,0.8908558840050675
97C_62,0.8320200362724339,3.8445259885440004,False,18.007027,-11.988889,1.5778494053747192
97C_63,0.23495370370370366,1.23158344526,False,17.436956,-10.756935,0.802711398634063
97_60,0.6097497454712397,2.730027764792,False,16.442436,-6.1752815,1.3164156772719882
97_62,0.26139141858607123,1.564663327362,False,17.296038,-12.973231,0.9418272136187754
98_59,1.486869283625731,8.999433309722,False,12.84102,-4.446332,2.3025284223604956
98_63,0.3674525501006306,1.7834419922200002,False,18.277918,-11.328122,1.0236882885536058
99_56,0.8863100396754241,2.8135519441769996,False,16.246311,-12.566388,1.3385610236587981
99_58,0.40396226415094333,1.3625415425654996,False,14.031297,-11.979545,0.8597379643858701
99_63,0.5706011718338803,2.41420883508,False,18.164654,-11.382465,1.2279457927064663
9C_60,0.5332616948407187,2.979266864336,False,15.692612,-7.1605086,1.381097597387829
9C_63,0.23243133921117481,1.0891953025799999,False,16.357859,-9.986349,0.7367789691474578
9_62,0.26043323863636364,1.264157385776025,False,16.608177,-13.607869,0.8172026746102872
9_63,0.8332107434838024,3.7312462282,False,17.058239,-9.40993,1.5541886409932644
