profile_record_id,profile,site_info_id,sample_id,soil_type_id
17,1_61,3,,
33,1_64,5,,
34,1_66,6,,
35,1_69,7,,
36,1_70,8,,
52,10_59,11,,7.0
53,10_62,12,,
54,10_63,13,,8.0
55,10_66,14,,
56,100_46,15,,
57,100_55,16,,
89,100_62,21,,
104,100_66,23,,
105,100_68,24,,
106,100_70,25,,
107,100c_60,26,,
108,100c_62,27,,15.0
109,100c_63,28,,16.0
110,100c_64,29,,
111,101_46,30,,
112,101_54,31,,
113,101_55,32,,
124,101_59,34,,18.0
125,101_60,35,,
126,101_61,36,,
138,101_63,38,,20.0
139,101_64,39,,
140,101_66,40,,
141,101_67,41,,
142,101_70,42,,
158,101c_60,45,,
159,101c_62,46,,
160,101c_63,47,,24.0
161,101c_65,48,,
162,102_46,49,,
172,102_59,51,,26.0
173,102_61,52,,
174,102_63,53,,27.0
175,102_66,54,,
176,102_67,55,,
185,102_69,57,,
186,102c_63,58,,29.0
187,102c_65,59,,
188,103_46,60,,
200,103_59,62,,31.0
201,103_61,63,,32.0
218,103_66,66,,
219,103_68,67,,
230,103c_60,70,,
231,103c_62,71,,
232,103c_63,72,,37.0
233,103c_64,73,,38.0
234,103c_65,74,,
235,104_55,75,,
243,104_57,77,,
253,104_59,79,,41.0
254,104_60,80,,
255,104_61,81,,
268,104_64,83,,
269,104_66,84,,
270,104_68,85,,
271,104_70,86,,
272,104c_60,87,,43.0
273,104c_62,88,,44.0
274,104c_63,89,,45.0
275,105_46,90,,
295,105_59,93,,48.0
296,105_63,94,,49.0
297,105_66,95,,
298,105_69,96,,
299,105c_60,97,,
300,105c_62,98,,50.0
301,105c_63,99,,51.0
302,106_59,100,,52.0
303,106_61,101,,
304,106_63,102,,53.0
305,106_66,103,,
310,106c_62,105,,
311,106c_63,106,,55.0
320,107_57,109,,
326,107_59,111,,59.0
338,107_64,114,,
370,107c_62,119,,66.0
371,107c_63,120,,67.0
379,108_58,122,,
380,108_59,123,,69.0
386,108_62,125,,
387,108_63,126,,71.0
399,108_66,128,,
400,108_69,129,,
401,108c_60,130,,
402,108c_62,131,,
403,108c_63,132,,73.0
404,109_54,133,,
405,109_57,134,,
413,109_59,136,,75.0
423,109_63,138,,77.0
424,109_66,139,,
438,109c_60,142,,
439,109c_63,143,,80.0
440,109c_65,144,,81.0
441,10c_60,145,,
442,10c_63,146,,82.0
443,10c_64,147,,
444,10c_65,148,,
445,11_54,149,,
446,11_59,150,,84.0
453,11_63,152,,86.0
454,11_64,153,,
455,11_65,154,,
456,11_66,155,,
469,110_54,157,,
470,110_55,158,,
482,110_58,160,,
483,110_59,161,,89.0
488,110_63,163,,91.0
489,110_66,164,,
495,110c_60,166,,93.0
496,110c_62,167,,
497,110c_63,168,,94.0
498,110c_64,169,,
505,111_55,171,,
519,111_57,173,,
520,111_59,174,,97.0
521,111_62,175,,
522,111_63,176,,98.0
535,111_66,178,,
546,111_70,180,,
547,111c_60,181,,102.0
548,111c_62,182,,103.0
549,111c_63,183,,104.0
550,111c_65,184,,
557,112_56,186,,
558,112_57,187,,
559,112_59,188,,106.0
560,112_63,189,,107.0
561,112_66,190,,
562,112_70,191,,
563,112c_62,192,,108.0
564,112c_63,193,,109.0
575,113_56,196,,
588,113_59,199,,114.0
589,113_62,200,,
602,113_65,202,,
603,113_66,203,,
612,113_68,205,,
613,113_70,206,,118.0
614,113c_60,207,,119.0
615,113c_63,208,,120.0
616,113c_64,209,,
643,114_59,213,,124.0
649,114_63,215,,126.0
650,114_66,216,,
651,114_70,217,,127.0
652,114c_62,218,,
653,114c_63,219,,128.0
695,115_62,225,,
696,115_63,226,,134.0
697,115_66,227,,
698,115_68,228,,
699,115_69,229,,
703,115c_62,231,,
704,115c_63,232,,136.0
705,115c_65,233,,137.0
738,116_63,238,,142.0
751,116_66,240,,
770,116c_62,243,,146.0
771,116c_63,244,,147.0
772,117_57,245,,
773,117_59,246,,148.0
779,117_63,248,,150.0
780,117_66,249,,
781,117_68,250,,
782,117_69,251,,
783,117_70,252,,
784,117A_57,253,,
785,117c_60,254,,
786,117c_63,255,,151.0
787,117c_65,256,,
788,118_54,257,,
800,118_59,259,,154.0
830,118_63,263,,158.0
831,118_64,264,,
832,118_66,265,,
833,118_68,266,,
834,118c_60,267,,
835,118c_63,268,,159.0
869,119_62,273,,
884,119_66,275,,
885,119_69,276,,
886,119c_60,277,,
887,119c_62,278,,167.0
888,119c_63,279,,168.0
894,11c_63,281,,170.0
895,11c_64,282,,
896,11c_65,283,,
897,12_54,284,,171.0
898,12_59,285,,173.0
899,12_60,286,,
900,12_61,287,,
912,12_65,289,,
913,12_66,290,,
914,12_69,291,,
915,12_70,292,,
970,120_61,299,,181.0
971,120_62,300,,
983,120_65,302,,
984,120_66,303,,
1003,120c_60,306,,185.0
1004,120c_62,307,,186.0
1005,120c_63,308,,187.0
1044,121_62,314,,
1058,121_66,316,,
1059,121_69,317,,
1070,121c_60,319,,195.0
1071,121c_62,320,,
1072,121c_63,321,,196.0
1073,121c_64,322,,197.0
1074,122_54,323,,
1085,122_56,325,,
1086,122_59,326,,199.0
1098,122_63,328,,201.0
1099,122_64,329,,
1109,122_70,332,,
1110,122c_62,333,,
1111,122c_63,334,,204.0
1121,123_57,336,,
1122,123_59,337,,206.0
1123,123_60,338,,
1124,123_62,339,,
1137,123_66,341,,
1144,123_69,343,,
1148,123c_60,345,,
1149,123c_62,346,,
1150,123c_63,347,,210.0
1151,123c_65,348,,
1152,124_46,349,,
1160,124_57,351,,
1161,124_59,352,,212.0
1170,124_62,354,,
1171,124_63,355,,214.0
1172,124_66,356,,
1173,124_68,357,,
1178,124c_60,359,,216.0
1179,124c_62,360,,
1180,124c_63,361,,217.0
1181,124c_64,362,,218.0
1182,125_56,363,,
1205,125_61,366,,
1206,125_63,367,,221.0
1207,125_65,368,,
1208,125_66,369,,
1214,125c_60,371,,
1215,125c_63,372,,223.0
1216,125c_64,373,,
1224,126_59,375,,225.0
1225,126_63,376,,226.0
1226,126_66,377,,
1227,126_69,378,,
1228,126c_62,379,,228.0
1229,126c_63,380,,229.0
1230,126c_64,381,,230.0
1239,127_59,383,,232.0
1246,127_62,385,,
1247,127_63,386,,234.0
1248,127_65,387,,
1264,127c_60,390,,237.0
1265,127c_62,391,,
1266,127c_64,392,,239.0
1275,128_56,394,,
1299,128_63,397,,244.0
1300,128_66,398,,
1301,128_68,399,,
1302,128_69,400,,
1303,128_70,401,,
1313,128c_52,404,,247.0
1314,128c_62,405,,
1315,128c_63,406,,249.0
1316,128c_64,407,,250.0
1324,129_56,409,,
1325,129_59,410,,252.0
1326,129_62,411,,
1327,129_63,412,,253.0
1328,129_66,413,,
1329,129_70,414,,
1334,129c_64,416,,
1335,129c_65,417,,256.0
1336,12c_60,418,,
1337,12c_63,419,,257.0
1338,12c_65,420,,
1339,13_56,421,,258.0
1340,13_57,422,,
1341,13_59,423,,259.0
1342,13_61,424,,
1363,13_68,427,,
1364,130_54,428,,262.0
1377,130_56,430,,
1386,130_59,432,,265.0
1387,130_60,433,,
1398,130_62,435,,
1399,130_63,436,,267.0
1411,130_66,438,,
1412,130_68,439,,269.0
1413,130_69,440,,
1414,130_70,441,,
1419,130c_60,443,,
1420,130c_62,444,,271.0
1421,130c_63,445,,272.0
1422,130c_64,446,,273.0
1423,131_54,447,,274.0
1424,131_56,448,,
1434,131_60,450,,
1435,131_63,451,,276.0
1436,131_66,452,,
1443,131c_62,454,,278.0
1444,131c_64,455,,
1445,132_46,456,,
1474,132_62,460,,
1487,132_64,462,,
1488,132_66,463,,
1489,132c_60,464,,
1490,132c_64,465,,
1491,132c_65,466,,285.0
1492,133_54,467,,286.0
1505,133_60,469,,288.0
1506,133_61,470,,
1507,133_63,471,,289.0
1508,133_64,472,,
1509,133_66,473,,
1510,133_68,474,,290.0
1511,133_69,475,,
1512,133c_60,476,,
1513,133c_62,477,,
1514,133c_63,478,,291.0
1519,134_46,480,,
1520,134_54,481,,
1521,134_55BA,482,,
1550,134_62,486,,
1575,134_66,489,,
1576,134c_60,490,,
1577,134c_63,491,,298.0
1578,135_46,492,,
1579,135_54,493,,299.0
1580,135_56,494,,
1581,135_59,495,,300.0
1590,135_61,497,,302.0
1591,135_62,498,,
1592,135_63,499,,303.0
1593,135_66,500,,
1594,135_70,501,,304.0
1600,135c_60,503,,306.0
1601,135c_62,504,,
1602,135c_63,505,,307.0
1603,136_46,506,,
1611,136_58,508,,309.0
1612,136_59,509,,310.0
1613,136_60,510,,
1614,136_61,511,,
1615,136_62,512,,
1630,136_66,514,,
1631,136_69,515,,
1643,136c_62,518,,314.0
1644,136c_63,519,,315.0
1645,137_59,520,,316.0
1653,137_62,522,,
1662,137_64,524,,
1663,137_66,525,,
1664,137_67,526,,
1665,137_70,527,,319.0
1671,137c_60,530,,
1672,137c_63,531,,322.0
1673,138_46,532,,
1706,138_60,537,,
1717,138_62,539,,
1718,138_63,540,,329.0
1719,138_66,541,,
1720,138_67,542,,
1721,138_69,543,,
1722,138_70,544,,
1723,138c_60,545,,330.0
1724,138c_62,546,,
1725,138c_63,547,,331.0
1740,139_55,550,,
1741,139_56,551,,
1742,139_59,552,,334.0
1743,139_60,553,,
1753,139_62,555,,
1754,139_63,556,,336.0
1755,139_66,557,,
1756,139_68,558,,
1784,139c_62,562,,
1785,139c_63,563,,341.0
1786,13c_60,564,,342.0
1787,13c_63,565,,343.0
1788,14_55,566,,
1798,14_57,568,,
1809,14_62,570,,
1810,14_63,571,,346.0
1827,14_69,574,,
1840,140_59,577,,351.0
1841,140_60,578,,
1842,140_62,579,,
1857,140_64,581,,
1858,140_66,582,,
1859,140_70,583,,
1860,140c_63,584,,355.0
1861,140c_65,585,,
1874,141_60,587,,
1898,141_65,590,,
1899,141_66,591,,
1900,141_70,592,,359.0
1901,141c_60,593,,
1902,141c_63,594,,360.0
1903,141c_64,595,,361.0
1904,141c_65,596,,
1911,142_55,598,,
1912,142_59,599,,363.0
1913,142_60,600,,
1919,142_62,602,,
1920,142_63,603,,365.0
1921,142_69,604,,
1922,142_70,605,,
1923,142c_60,606,,366.0
1924,142c_62,607,,367.0
1925,142c_63,608,,368.0
1926,142c_64,609,,
1927,142c_65,610,,
1928,143_46,611,,
1929,143_54,612,,
1938,143_59,614,,370.0
1939,143_60,615,,
1940,143_63,616,,371.0
1941,143_66,617,,
1942,143_68,618,,
1943,143_69,619,,
1944,143c_60,620,,
1945,143c_62,621,,
1946,143c_63,622,,372.0
1947,143c_64,623,,
1948,144_46,624,,
1949,144_55,625,,
1950,144_59,626,,373.0
1957,144_65,628,,
1958,144_66,629,,
1959,144c_60,630,,
1960,144c_62,631,,
1961,144c_63,632,,375.0
1962,144c_65,633,,
1963,145_46,634,,
1984,145_60,637,,
1994,145_62,639,,
1995,145_63,640,,379.0
1996,145_66,641,,
2002,145c_60,643,,381.0
2003,145c_62,644,,382.0
2004,145c_63,645,,383.0
2005,145c_64,646,,384.0
2006,146_46,647,,
2007,146_55,648,,
2021,146_60,650,,
2022,146_63,651,,386.0
2031,146_66,653,,
2032,146_70,654,,
2033,146c_60,655,,
2034,146c_62,656,,
2035,146c_63,657,,388.0
2036,146c_64,658,,
2037,147_46,659,,
2044,147_56,661,,
2067,147_61,664,,
2068,147_63,665,,392.0
2069,147_65,666,,
2070,147_66,667,,
2075,147c_62,669,,
2076,147c_63,670,,394.0
2077,148_46,671,,
2078,148_54,672,,395.0
2079,148_59,673,,396.0
2080,148_60,674,,
2104,148_63,677,,399.0
2105,148_64,678,,
2106,148_66,679,,
2112,148c_63,681,,401.0
2124,149_58,683,,403.0
2136,149_60,685,,
2149,149_66,687,,
2154,149A_60,689,,407.0
2155,149c_63,690,,408.0
2156,14c_60,691,,409.0
2157,14c_63,692,,410.0
2170,15_59,695,,414.0
2171,15_60,696,,
2183,15_63,698,,416.0
2184,15_66,699,,
2185,15_69,700,,
2233,150_61,706,,
2234,150_63,707,,422.0
2235,150_66,708,,
2243,150c_62,711,,
2244,150c_63,712,,425.0
2245,150c_64,713,,
2246,150c_65,714,,
2255,151_57,716,,
2277,151_63,719,,429.0
2278,151_64,720,,
2279,151_66,721,,
2288,151c_60,723,,431.0
2289,151c_62,724,,
2290,151c_63,725,,432.0
2291,152_55,726,,
2292,152_56,727,,
2332,152_63,732,,437.0
2333,152_66,733,,
2334,152_68,734,,438.0
2335,152c_63,735,,439.0
2343,153_57,737,,
2374,153_63,741,,444.0
2375,153_66,742,,
2386,153c_60,744,,
2387,153c_63,745,,446.0
2436,154_64,752,,
2437,154_66,753,,
2438,154c_63,754,,453.0
2439,154c_65,755,,454.0
2460,155_63,759,,458.0
2461,155_64,760,,
2462,155_65,761,,
2475,155c_63,764,,461.0
2504,156_62,768,,
2536,156c_60,772,,470.0
2537,156c_62,773,,
2538,156c_63,774,,471.0
2539,156c_64,775,,
2540,157_46,776,,
2541,157_59,777,,472.0
2542,157_60,778,,
2554,157_66,780,,
2555,157c_60,781,,
2556,157c_63,782,,474.0
2557,157c_65,783,,
2565,158_59,785,,476.0
2571,158_63,787,,478.0
2572,158_64,788,,
2577,158c_60,790,,
2578,158c_62,791,,
2579,158c_63,792,,480.0
2580,159_55,793,,
2640,159c_60,800,,489.0
2641,159c_62,801,,
2642,159c_63,802,,490.0
2643,15c_63,803,,491.0
2658,16_63,805,,493.0
2659,16_66,806,,
2660,16_69,807,,
2661,160_55,808,,
2682,160_63,811,,496.0
2683,160_64,812,,
2694,160_70,814,,
2695,160c_60,815,,498.0
2696,160c_64,816,,
2705,161_61,818,,
2706,161_63,819,,502.0
2711,161c_60,821,,
2712,161c_62,822,,505.0
2713,161c_63,823,,506.0
2714,161c_64,824,,
2731,162_62,827,,
2736,162_64,829,,
2737,162_66,830,,
2738,162_70,831,,
2739,162c_60,832,,510.0
2740,162c_63,833,,511.0
2741,163_46,834,,
2776,163_63,839,,517.0
2777,163_66,840,,
2778,163_68,841,,
2783,163c_60,843,,519.0
2784,163c_63,844,,520.0
2785,164_46,845,,
2786,164_55,846,,
2818,164_62,850,,
2842,164_66,853,,
2849,164_70,855,,
2850,164c_60,856,,527.0
2851,164c_63,857,,528.0
2852,164c_64,858,,
2853,164c_65,859,,529.0
2854,165_46,860,,
2855,165_59,861,,531.0
2868,165_66,863,,
2874,165c_60,865,,
2875,165c_62,866,,
2876,165c_63,867,,534.0
2877,165c_64,868,,
2878,165c_65,869,,
2879,166_46,870,,
2880,166_56,871,,
2881,166_59,872,,535.0
2882,166_60,873,,
2883,166_63,874,,536.0
2884,166_64,875,,
2885,166_66,876,,
2894,166_68,878,,538.0
2895,166c_60,879,,539.0
2896,166c_63,880,,540.0
2897,167_55,881,,
2898,167_56,882,,
2910,167_63,884,,543.0
2911,167_64,885,,
2912,167_66,886,,
2913,167c_63,887,,544.0
2914,168_46,888,,
2920,168_57,890,,
2921,168_59,891,,546.0
2922,168_60,892,,
2923,168_61,893,,
2932,168_63,895,,548.0
2947,168_65,897,,
2948,168_66,898,,
2949,168_68,899,,
2950,168_70,900,,
2951,168c_62,901,,
2952,168c_63,902,,550.0
2953,168c_64,903,,
2954,169_54,904,,
2965,169_59,906,,553.0
2966,169_61,907,,
2975,169_66,909,,
2976,169c_62,910,,556.0
2977,169c_63,911,,557.0
2978,16c_63,912,,558.0
2993,17_59,915,,562.0
3015,17_66,918,,
3016,17_70,919,,
3017,170_54,920,,
3034,170_59,923,,567.0
3035,170_61,924,,
3048,170_64,926,,
3059,170_66,928,,
3064,170c_63,930,,571.0
3065,171_57,931,,
3075,171_62,933,,
3090,171c_63,936,,576.0
3091,172_55,937,,
3126,172_63,942,,581.0
3127,172_65,943,,
3128,172_66,944,,
3129,172c_60,945,,582.0
3130,172c_63,946,,583.0
3131,172c_64,947,,
3132,173_46,948,,
3142,173_59,950,,585.0
3155,173_65,952,,
3156,173_66,953,,
3163,173c_60,955,,
3164,173c_62,956,,
3165,173c_63,957,,588.0
3166,174_56,958,,
3178,174_59,960,,590.0
3190,174_62,962,,
3205,174_66,964,,
3217,174c_62,966,,
3218,174c_63,967,,594.0
3219,174c_64,968,,
3220,175_46,969,,
3221,175_56,970,,
3222,175_57,971,,
3234,175_60,973,,
3235,175_61,974,,
3236,175_63,975,,597.0
3249,175_66,977,,
3260,175_70,979,,
3261,175c_60,980,,600.0
3262,175c_62,981,,601.0
3263,175c_63,982,,602.0
3264,176_56,983,,
3281,176_59,986,,605.0
3282,176_60,987,,
3283,176_63,988,,606.0
3284,176_65,989,,
3303,176c_62,992,,
3304,176c_63,993,,609.0
3305,176c_65,994,,
3306,177_46,995,,
3316,177_57,997,,
3325,177_59,999,,612.0
3326,177_60,1000,,
3327,177_61,1001,,
3328,177_63,1002,,613.0
3339,177_65,1004,,
3340,177_66,1005,,
3354,177c_62,1007,,617.0
3355,177c_63,1008,,618.0
3356,178_46,1009,,
3357,178_57,1010,,
3367,178_59,1012,,621.0
3368,178_63,1013,,622.0
3369,178_66,1014,,
3370,178c_60,1015,,
3371,178c_63,1016,,623.0
3372,178c_65,1017,,624.0
3373,179_46,1018,,
3396,179_59,1022,,628.0
3405,179_61,1024,,
3406,179_62,1025,,
3419,179_66,1027,,
3420,17c_63,1028,,633.0
3421,17c_65,1029,,634.0
3422,18_55,1030,,
3430,18_60,1032,,
3431,18_63,1033,,637.0
3432,18_66,1034,,
3433,180_46,1035,,
3434,180_54,1036,,638.0
3456,180_59,1039,,642.0
3457,180_61,1040,,
3467,180_63,1042,,645.0
3468,180_66,1043,,
3473,180c_60,1045,,647.0
3474,180c_63,1046,,648.0
3475,181_46,1047,,
3493,181_59,1050,,651.0
3494,181_63,1051,,652.0
3495,181_64,1052,,
3496,181_65,1053,,
3497,181_66,1054,,
3498,181_68,1055,,
3499,181_70,1056,,
3500,181c_60,1057,,653.0
3501,181c_63,1058,,654.0
3502,182_46,1059,,
3503,182_56,1060,,
3504,182_57,1061,,
3522,182_61,1064,,
3534,182_63,1066,,658.0
3535,182_65,1067,,
3536,182_66,1068,,
3537,182_68,1069,,
3538,182c_60,1070,,659.0
3539,182c_62,1071,,660.0
3540,182c_63,1072,,661.0
3541,182c_64,1073,,
3542,183_46,1074,,
3577,183_61,1078,,
3578,183_63,1079,,665.0
3579,183_65,1080,,
3580,183_66,1081,,
3581,183c_62,1082,,666.0
3582,183c_63,1083,,667.0
3583,184_46,1084,,
3584,184_54,1085,,
3611,184_59,1089,,671.0
3622,184_61,1091,,
3637,184_66,1094,,
3638,184c_60,1095,,675.0
3639,184c_63,1096,,676.0
3640,185_46,1097,,
3659,185_59,1100,,679.0
3660,185_63,1101,,680.0
3661,185_65,1102,,
3662,185_66,1103,,
3663,185c_63,1104,,682.0
3664,185c_64,1105,,
3665,186_46,1106,,
3675,186_59,1108,,684.0
3676,186_63,1109,,685.0
3689,186_66,1111,,
3690,186c_60,1112,,
3691,186c_63,1113,,687.0
3692,186c_64,1114,,
3693,187_46,1115,,
3716,187_60,1118,,
3728,187_63,1120,,691.0
3729,187_65,1121,,
3730,187_66,1122,,
3731,187c_60,1123,,
3732,187c_63,1124,,692.0
3733,187c_64,1125,,
3734,188_56,1126,,693.0
3735,188_57,1127,,
3759,188_63,1130,,696.0
3772,188_66,1132,,
3773,188_68,1133,,
3774,188c_60,1134,,
3775,188c_62,1135,,698.0
3776,188c_63,1136,,699.0
3777,189_46,1137,,
3798,189_56,1140,,
3828,189_60,1144,,
3829,189_61,1145,,
3830,189_63,1146,,705.0
3831,189_66,1147,,
3832,189_68,1148,,
3833,189_70,1149,,
3834,189c_60,1150,,706.0
3835,189c_62,1151,,707.0
3836,189c_63,1152,,708.0
3837,18c_63,1153,,709.0
3838,18c_65,1154,,710.0
3866,19_63,1158,,715.0
3867,19_64,1159,,
3868,19_66,1160,,
3869,19_69,1161,,
3870,190_46,1162,,
3871,190_57,1163,,
3872,190_59,1164,,716.0
3873,190_60,1165,,
3874,190_63,1166,,717.0
3887,190_68,1168,,
3888,190c_63,1169,,719.0
3889,190c_64,1170,,
3890,191_46,1171,,
3891,191_59,1172,,720.0
3892,191_60,1173,,
3893,191_61,1174,,
3894,191_62,1175,,
3895,191_63,1176,,721.0
3905,191_66,1178,,
3906,191_70,1179,,
3907,191c_60,1180,,
3908,191c_62,1181,,
3909,191c_63,1182,,723.0
3912,192_57,1184,,
3913,192_59,1185,,725.0
3914,192_63,1186,,727.0
3915,192_65,1187,,
3916,192_66,1188,,
3917,192_68,1189,,728.0
3918,192c_60,1190,,729.0
3919,192c_62,1191,,730.0
3920,192c_63,1192,,731.0
3921,193_46,1193,,
3922,193_56,1194,,
3933,193_59,1196,,733.0
3934,193_60,1197,,
3935,193_63,1198,,734.0
3936,193_65,1199,,
3937,193_66,1200,,
3938,193_70,1201,,
3939,193c_60,1202,,
3940,193c_62,1203,,735.0
3941,193c_63,1204,,736.0
3942,193c_65,1205,,737.0
3943,194_46,1206,,
3944,194_54,1207,,
3945,194_56,1208,,
3956,194_59,1210,,739.0
3957,194_63,1211,,740.0
3958,194_65,1212,,
3959,194_66,1213,,741.0
3960,194_68,1214,,
3961,194c_60,1215,,
3962,194c_63,1216,,743.0
3963,195_46,1217,,
3968,195_59,1219,,745.0
3977,195_63,1221,,747.0
3978,195_66,1222,,
3979,195_68,1223,,
3980,195_70,1224,,
3981,195c_60,1225,,748.0
3982,195c_63,1226,,749.0
3983,196_46,1227,,
4015,196_59,1231,,753.0
4027,196_62,1233,,
4034,196_65,1235,,756.0
4035,196_66,1236,,
4036,196_70,1237,,
4037,196c_63,1238,,757.0
4038,196c_65,1239,,758.0
4039,197_54,1240,,
4060,197_63,1243,,761.0
4072,197_66,1245,,
4073,197_70,1246,,
4074,197c_53,1247,,
4075,197c_63,1248,,764.0
4076,198_46,1249,,
4086,198_57,1251,,
4087,198_59,1252,,766.0
4098,198_63,1254,,769.0
4119,198_70,1257,,
4120,198c_60,1258,,
4121,198c_63,1259,,772.0
4134,199_59,1262,,776.0
4146,199_65,1264,,
4147,199_66,1265,,
4148,199_70,1266,,
4149,199c_62,1267,,
4150,199c_63,1268,,778.0
4151,19c_60,1269,,
4152,19c_63,1270,,779.0
4153,19c_65,1271,,
4154,1c_63,1272,,780.0
4155,1c_64,1273,,
4156,2_57,1274,,
4168,2_61,1276,,
4169,2_62,1277,,
4170,2_63,1278,,783.0
4171,2_64,1279,,
4172,2_65,1280,,
4177,2_68,1282,,
4187,20_54,1284,,
4239,20_63,1291,,792.0
4240,20_66,1292,,
4241,20_68,1293,,
4242,200_46,1294,,
4268,200_59,1299,,797.0
4292,200_65,1302,,
4303,200_68,1304,,801.0
4304,200c_60,1305,,
4305,200c_62,1306,,802.0
4306,200c_63,1307,,803.0
4307,201_46,1308,,
4318,201_59,1310,,806.0
4319,201_61,1311,,
4339,201_66,1314,,
4350,201c_63,1316,,810.0
4351,202_46,1317,,
4374,202_59,1320,,814.0
4375,202_60,1321,,
4376,202_61,1322,,
4377,202_63,1323,,815.0
4388,202_66,1325,,817.0
4394,202c_60,1327,,820.0
4395,202c_63,1328,,821.0
4396,203_46,1329,,
4397,203_54,1330,,
4398,203_55,1331,,
4399,203_56,1332,,
4400,203_59,1333,,823.0
4410,203_63,1335,,825.0
4419,203_66,1337,,
4420,203_70,1338,,
4421,203c_60,1339,,827.0
4422,203c_63,1340,,828.0
4423,203c_65,1341,,
4424,204_46,1342,,
4425,204_57,1343,,
4426,204_59,1344,,830.0
4436,204_63,1346,,832.0
4437,204_65,1347,,
4438,204_66,1348,,
4439,204_68,1349,,833.0
4440,204c_60,1350,,
4441,204c_63,1351,,834.0
4442,204c_65,1352,,835.0
4443,205_46,1353,,
4444,205_57,1354,,
4445,205_59,1355,,836.0
4446,205_61,1356,,
4447,205_62,1357,,
4468,205_66,1360,,
4469,205_70,1361,,
4474,2055_55,1363,,
4475,205c_62,1364,,
4476,205c_63,1365,,840.0
4477,206_46,1366,,
4494,206_57,1368,,
4495,206_59,1369,,842.0
4504,206_63,1371,,844.0
4505,206_66,1372,,
4520,206_70,1374,,
4525,206c_60,1376,,847.0
4526,206c_62,1377,,
4527,206c_63,1378,,848.0
4528,206c_65,1379,,
4536,207_56,1381,,
4537,207_57,1382,,
4573,207_62,1387,,
4574,207_63,1388,,854.0
4581,207_66,1390,,
4582,207_68,1391,,
4583,207c_62,1392,,856.0
4584,207c_63,1393,,857.0
4585,207c_65,1394,,858.0
4604,208_57,1397,,
4605,208_59,1398,,862.0
4606,208_60,1399,,
4615,208_65,1401,,
4616,208_66,1402,,
4628,209_57,1404,,
4639,209_59,1406,,867.0
4640,209_62,1407,,
4641,209_63,1408,,868.0
4642,209_66,1409,,
4643,209_68,1410,,869.0
4649,209c_62,1412,,871.0
4650,209c_63,1413,,872.0
4651,20c_60,1414,,
4652,20c_63,1415,,873.0
4659,21_56,1417,,
4666,21_59,1419,,876.0
4667,21_61,1420,,
4668,21_62,1421,,
4692,21_66,1424,,
4703,21_69,1426,,
4721,210_59,1429,,882.0
4722,210_60,1430,,
4723,210_63,1431,,883.0
4724,210_66,1432,,
4725,210_70,1433,,
4726,210c_60,1434,,
4727,210c_63,1435,,884.0
4728,210c_65,1436,,885.0
4729,211_54,1437,,
4755,211_59,1441,,889.0
4768,211_63,1443,,891.0
4769,211_65,1444,,
4770,211_66,1445,,
4771,211_70,1446,,
4772,211c_60,1447,,
4773,211c_62,1448,,
4774,211c_63,1449,,892.0
4775,211c_65,1450,,
4782,212_59,1452,,895.0
4783,212_62,1453,,
4784,212_63,1454,,896.0
4785,212_66,1455,,
4786,212_68,1456,,897.0
4787,212c_63,1457,,898.0
4788,212c_64,1458,,
4789,213_57,1459,,
4790,213_59,1460,,899.0
4791,213_62,1461,,
4805,213_66,1463,,
4806,213_68,1464,,
4807,213c_60,1465,,901.0
4808,213c_62,1466,,
4809,213c_63,1467,,902.0
4810,213c_65,1468,,
4811,214_55,1469,,
4812,214_57,1470,,
4813,214_59,1471,,903.0
4814,214_62,1472,,
4815,214_63,1473,,904.0
4816,214_65,1474,,
4817,214_66,1475,,
4820,214c_60,1477,,
4821,214c_62,1478,,906.0
4822,214c_63,1479,,907.0
4823,214c_64,1480,,908.0
4824,214c_65,1481,,
4838,215_57,1483,,
4839,215_59,1484,,910.0
4840,215_63,1485,,911.0
4841,215_66,1486,,
4842,215c_60,1487,,912.0
4843,215c_62,1488,,913.0
4844,215c_63,1489,,914.0
4845,215c_64,1490,,
4846,215c_65,1491,,
4847,216_46,1492,,
4869,216_59,1496,,918.0
4882,216_62,1498,,
4883,216_63,1499,,920.0
4884,216_65,1500,,
4885,216_66,1501,,
4886,216_70,1502,,
4887,216c_63,1503,,921.0
4894,217_56,1505,,
4904,217_59,1507,,924.0
4905,217_60,1508,,
4922,217_63,1511,,927.0
4923,217_66,1512,,
4924,217c_52,1513,,928.0
4925,217c_60,1514,,929.0
4926,217c_63,1515,,930.0
4957,218_62,1520,,
4958,218_63,1521,,935.0
4959,218_66,1522,,
4960,218_68,1523,,
4965,218c_63,1525,,937.0
4966,218c_65,1526,,938.0
4967,219_54,1527,,
4968,219_57,1528,,
4969,219_59,1529,,939.0
4970,219_60,1530,,
4971,219_62,1531,,
4986,219_64,1533,,
4987,219_66,1534,,
4988,219_68,1535,,941.0
4989,219c_62,1536,,
4990,219c_63,1537,,942.0
4991,21c_63,1538,,943.0
4992,22_54,1539,,
4993,22_59,1540,,944.0
5005,22_63,1542,,946.0
5006,22_65,1543,,
5007,22_66,1544,,
5008,22_69,1545,,
5009,22_70,1546,,
5019,220_55BA,1549,,
5020,220_56,1550,,
5062,220_61,1555,,
5063,220_63,1556,,953.0
5064,220_66,1557,,
5065,220c_60,1558,,
5066,220c_62,1559,,
5067,220c_63,1560,,954.0
5068,220c_64,1561,,955.0
5074,221_54,1563,,
5084,221_59,1565,,958.0
5085,221_62,1566,,
5086,221_63,1567,,959.0
5087,221_66,1568,,
5092,221c_60,1570,,961.0
5093,221c_62,1571,,
5094,221c_63,1572,,962.0
5095,222_54,1573,,
5096,222_55,1574,,
5105,222_59,1576,,964.0
5106,222_61,1577,,
5107,222_62,1578,,
5120,222_66,1580,,
5121,222_68,1581,,
5126,222c_62,1583,,
5127,222c_63,1584,,967.0
5133,223_46,1586,,
5144,223_55BA,1588,,
5145,223_59,1589,,970.0
5146,223_60,1590,,
5147,223_62,1591,,
5148,223_63,1592,,971.0
5149,223_66,1593,,
5150,223c_60,1594,,972.0
5151,223c_62,1595,,
5152,223c_63,1596,,973.0
5153,223c_65,1597,,
5166,224_56,1599,,
5177,224_61,1601,,
5191,224_66,1603,,
5192,224_70,1604,,
5193,224c_62,1605,,
5194,224c_63,1606,,978.0
5195,224c_64,1607,,
5226,225_59,1611,,982.0
5227,225_60,1612,,
5240,225_63,1614,,984.0
5241,225_66,1615,,
5242,225_68,1616,,
5243,225c_60,1617,,
5244,225c_63,1618,,985.0
5261,226_59,1621,,988.0
5262,226_61,1622,,
5263,226_62,1623,,
5264,226_63,1624,,989.0
5265,226_66,1625,,
5266,226_70,1626,,
5267,226c_62,1627,,
5268,226c_63,1628,,990.0
5282,227_55BA,1631,,
5318,227_62,1635,,
5319,227_63,1636,,996.0
5320,227_66,1637,,
5321,227_68,1638,,997.0
5322,227c_60,1639,,998.0
5323,227c_62,1640,,999.0
5324,227c_63,1641,,1000.0
5340,228_59,1644,,1003.0
5341,228_60,1645,,
5342,228_62,1646,,
5343,228_63,1647,,1004.0
5344,228_66,1648,,
5345,228_68,1649,,1005.0
5348,228c_62,1651,,1007.0
5349,228c_63,1652,,1008.0
5350,229_54,1653,,
5361,229_59,1655,,1010.0
5362,229_60,1656,,
5363,229_61,1657,,
5380,229_66,1660,,
5381,229c_62,1661,,
5382,229c_63,1662,,1013.0
5383,22c_63,1663,,1014.0
5394,23_59,1665,,1017.0
5395,23_60,1666,,
5396,23_61,1667,,
5397,23_63,1668,,1018.0
5398,23_66,1669,,
5419,230_54,1672,,
5431,230_59,1674,,1022.0
5441,230_63,1676,,1024.0
5442,230_66,1677,,
5448,230c_60,1679,,1026.0
5449,230c_62,1680,,
5450,230c_63,1681,,1027.0
5456,231_54,1683,,
5468,231_55BA,1685,,
5490,231_62,1688,,
5514,231_66,1691,,
5519,231c_60,1693,,
5520,231c_63,1694,,1035.0
5521,231c_65,1695,,
5522,232_57,1696,,
5545,232_60,1699,,
5546,232_61,1700,,
5547,232_63,1701,,1038.0
5548,232_65,1702,,
5549,232_66,1703,,
5550,232c_60,1704,,1039.0
5551,232c_63,1705,,1040.0
5575,233_61,1708,,
5576,233_62,1709,,
5577,233_63,1710,,1043.0
5578,233_66,1711,,
5579,233_70,1712,,
5580,233a_60,1713,,1044.0
5581,233c_60,1714,,
5582,233c_62,1715,,1045.0
5583,233c_63,1716,,1046.0
5584,233c_65,1717,,1047.0
5598,234_59,1720,,1050.0
5599,234_60,1721,,
5600,234_63,1722,,1051.0
5613,234_66,1724,,
5614,234c_62,1725,,1054.0
5615,234c_63,1726,,1055.0
5616,234c_65,1727,,1056.0
5617,235_56,1728,,
5618,235_57,1729,,
5644,235_60,1732,,
5657,235_63,1734,,1060.0
5658,235_66,1735,,
5663,235c_60,1737,,1062.0
5664,235c_62,1738,,1063.0
5665,235c_63,1739,,1064.0
5684,236_57,1742,,
5692,236_61,1744,,
5693,236_62,1745,,
5705,236_66,1747,,
5706,236a_60,1748,,
5707,236c_63,1749,,1070.0
5708,237_57,1750,,
5720,237_60,1752,,
5721,237_61,1753,,
5722,237_62,1754,,
5723,237_63,1755,,1072.0
5724,237_66,1756,,
5725,237_70,1757,,1073.0
5726,237c_63,1758,,1074.0
5727,237c_64,1759,,
5728,237c_65,1760,,
5756,238_57,1764,,
5757,238_59,1765,,1078.0
5758,238_60,1766,,
5767,238_63,1768,,1080.0
5768,238_66,1769,,1081.0
5769,238_70,1770,,
5770,238c_62,1771,,1082.0
5771,238c_63,1772,,1083.0
5775,239_55,1774,,
5784,239_59,1776,,1088.0
5785,239_60,1777,,
5786,239_61,1778,,
5787,239_62,1779,,
5788,239_63,1780,,1089.0
5803,239_66,1782,,
5804,239c_60,1783,,1091.0
5805,239c_62,1784,,1092.0
5806,239c_63,1785,,1093.0
5807,23c_60,1786,,
5808,23c_63,1787,,1094.0
5818,24_58,1789,,
5819,24_59,1790,,1097.0
5820,24_61,1791,,
5830,24_66,1793,,
5853,240_59,1797,,1102.0
5854,240_62,1798,,
5855,240_63,1799,,1104.0
5856,240_65,1800,,
5857,240_66,1801,,
5858,240_70,1802,,
5859,240c_60,1803,,1105.0
5860,240c_62,1804,,1106.0
5861,240c_63,1805,,1107.0
5862,240c_64,1806,,
5863,240c_65,1807,,
5877,241_59,1810,,1110.0
5878,241_60,1811,,
5879,241_62,1812,,
5893,241_66,1814,,
5894,241c_62,1815,,1113.0
5895,241c_63,1816,,1114.0
5896,241c_64,1817,,
5905,242_59,1819,,1116.0
5906,242_60,1820,,
5907,242_62,1821,,
5920,242_66,1823,,
5921,242c_60,1824,,1119.0
5922,242c_62,1825,,
5923,242c_63,1826,,1120.0
5924,242c_64,1827,,1121.0
5925,242c_65,1828,,1122.0
5928,243_55,1830,,
5946,243_61,1833,,
5955,243_66,1835,,
5956,243c_63,1836,,1127.0
5962,244_55,1838,,
5963,244_55BA,1839,,
5964,244_56,1840,,
5965,244_57,1841,,
5976,244_59,1843,,1130.0
6013,244_66,1848,,
6019,244c_60,1850,,1136.0
6020,244c_62,1851,,1137.0
6021,244c_63,1852,,1138.0
6022,244c_64,1853,,
6026,245_56,1855,,
6072,245_61,1860,,
6073,245_63,1861,,1144.0
6074,245_66,1862,,
6075,245c_63,1863,,1145.0
6076,245c_64,1864,,
6087,246_59,1866,,1147.0
6088,246_60,1867,,
6089,246_63,1868,,1148.0
6090,246_66,1869,,
6095,246c_60,1871,,
6096,246c_62,1872,,
6097,246c_63,1873,,1150.0
6098,247_56,1874,,
6099,247_59,1875,,1151.0
6115,247_66,1878,,
6127,247c_62,1880,,
6128,247c_63,1881,,1155.0
6129,248_46,1882,,
6130,248_59,1883,,1156.0
6169,248c_60,1888,,1161.0
6170,248c_62,1889,,
6171,248c_63,1890,,1162.0
6181,249_59,1893,,1165.0
6191,249_62,1895,,
6192,249_63,1896,,1167.0
6193,249_65,1897,,
6194,249_66,1898,,
6207,249c_60,1900,,1169.0
6208,249c_62,1901,,
6209,249c_63,1902,,1170.0
6210,24c_60,1903,,1171.0
6211,24c_63,1904,,1172.0
6212,25_54,1905,,
6213,25_55,1906,,
6214,25_59,1907,,1173.0
6215,25_62,1908,,
6216,25_63,1909,,1175.0
6227,25_69,1911,,
6228,25_70,1912,,
6240,250_57,1914,,
6241,250_59,1915,,1178.0
6242,250_61,1916,,
6251,250_63,1918,,1180.0
6252,250_66,1919,,
6253,250c_60,1920,,
6254,250c_62,1921,,
6255,250c_63,1922,,1181.0
6256,251_46,1923,,
6269,251_57,1925,,
6270,251_59,1926,,1183.0
6271,251_61,1927,,
6272,251_63,1928,,1184.0
6273,251_66,1929,,
6274,251c_62,1930,,1185.0
6275,251c_63,1931,,1186.0
6279,252_57,1933,,
6290,252_59,1935,,1189.0
6297,252_63,1937,,1191.0
6298,252_65,1938,,
6299,252_66,1939,,
6300,252c_60,1940,,
6301,252c_63,1941,,1192.0
6302,252c_64,1942,,
6303,253_46,1943,,
6304,253_56,1944,,1193.0
6307,253_59,1946,,1195.0
6328,253_62,1949,,
6329,253_63,1950,,1198.0
6330,253_66,1951,,
6331,253c_60,1952,,1199.0
6332,253c_63,1953,,1200.0
6333,253c_64,1954,,
6334,253c_65,1955,,
6358,254_60,1958,,
6359,254_63,1959,,1203.0
6360,254_66,1960,,
6361,254c_62,1961,,
6362,254c_63,1962,,1204.0
6363,254c_65,1963,,
6383,255_58,1966,,
6408,255_65,1969,,
6409,255_66,1970,,
6410,255c_60,1971,,
6411,255c_63,1972,,1209.0
6412,256_57,1973,,
6413,256_59,1974,,1210.0
6433,256_62,1977,,
6434,256_63,1978,,1213.0
6435,256_66,1979,,
6436,256c_60,1980,,1214.0
6437,256c_62,1981,,
6438,256c_63,1982,,1215.0
6439,256c_65,1983,,
6440,257_46,1984,,
6447,257_57,1986,,
6485,257_62,1990,,
6486,257_63,1991,,1220.0
6487,257_66,1992,,
6488,257c_62,1993,,1221.0
6489,257c_63,1994,,1222.0
6490,257c_65,1995,,
6491,258_55,1996,,
6519,258_59,2000,,1226.0
6531,258_62,2002,,
6532,258_63,2003,,1228.0
6533,258_66,2004,,
6534,258_67,2005,,
6535,258c_63,2006,,1230.0
6536,259_55,2007,,
6544,259_63,2009,,1232.0
6545,259_66,2010,,
6546,259c_60,2011,,1233.0
6547,259c_62,2012,,1234.0
6548,259c_63,2013,,1235.0
6549,259c_65,2014,,
6550,25c_60,2015,,1236.0
6551,25c_63,2016,,1237.0
6552,26_54,2017,,
6553,26_55,2018,,
6587,26_63,2023,,1242.0
6588,26_66,2024,,
6589,26_67,2025,,
6595,260_59,2027,,
6596,260_62,2028,,
6607,260_66,2030,,
6608,260c_63,2031,,1246.0
6615,261_59,2033,,
6616,261_60,2034,,
6617,261_62,2035,,
6623,261_66,2037,,
6624,261c_60,2038,,
6625,261c_62,2039,,
6626,261c_63,2040,,1249.0
6638,262_58,2042,,
6655,262_66,2045,,
6656,262c_60,2046,,
6657,262c_63,2047,,1253.0
6704,263_66,2053,,
6705,263c_60,2054,,
6706,263c_63,2055,,1259.0
6707,264_60,2056,,
6708,264_62,2057,,
6709,264_63,2058,,1260.0
6710,264_66,2059,,
6711,264c_62,2060,,
6712,264c_63,2061,,1262.0
6726,265_63,2063,,1264.0
6727,265_66,2064,,
6728,265c_63,2065,,1265.0
6729,265c_65,2066,,
6736,266_59,2068,,
6737,266_60,2069,,
6749,266_66,2071,,
6750,266c_62,2072,,1268.0
6751,266c_63,2073,,1269.0
6752,266c_70,2074,,
6753,267_55BA,2075,,
6781,267_62,2079,,
6782,267_63,2080,,1273.0
6783,267_66,2081,,
6784,267c_60,2082,,
6785,267c_63,2083,,1274.0
6786,268_55,2084,,
6807,268_63,2087,,1277.0
6808,268_66,2088,,
6809,268c_63,2089,,1278.0
6810,268c_65,2090,,
6819,269_60,2092,,
6833,269_63,2094,,1281.0
6834,269_66,2095,,
6835,269c_63,2096,,1282.0
6841,26c_60,2098,,1284.0
6842,26c_62,2099,,1285.0
6843,26c_63,2100,,1286.0
6844,27_54,2101,,
6845,27_55,2102,,
6857,27_61,2104,,
6870,27_65,2106,,
6871,27_66,2107,,
6885,270_55BA,2110,,
6886,270_60,2111,,
6887,270_63,2112,,1293.0
6888,270_66,2113,,
6889,270c_60,2114,,1294.0
6890,270c_62,2115,,1295.0
6891,270c_63,2116,,1296.0
6904,271_63,2119,,1300.0
6905,271_66,2120,,
6906,271c_60,2121,,
6907,271c_63,2122,,1301.0
6908,271c_64,2123,,1302.0
6909,272_55,2124,,
6922,272_59,2126,,
6923,272_60,2127,,
6924,272_62,2128,,
6937,272c_60,2130,,1305.0
6938,272c_62,2131,,
6939,272c_63,2132,,1306.0
6946,273_55BA,2134,,
6950,273_57,2136,,
6956,273_59,2138,,
6969,273_66,2140,,
6970,273c_60,2141,,1310.0
6971,273c_62,2142,,1311.0
6972,273c_63,2143,,1312.0
6978,274_55BA,2145,,
6995,274_62,2148,,
6996,274_63,2149,,1316.0
6997,274_66,2150,,
6998,274c_60,2151,,
6999,274c_62,2152,,1317.0
7000,274c_63,2153,,1318.0
7005,275_55BA,2155,,
7006,275_60,2156,,
7007,275_63,2157,,1320.0
7008,275_66,2158,,
7009,275c_60,2159,,1321.0
7010,275c_62,2160,,1322.0
7011,275c_63,2161,,1323.0
7012,276_55BA,2162,,
7025,276_57,2164,,
7026,276_58,2165,,
7027,276_63,2166,,1325.0
7028,276_66,2167,,
7029,276c_63,2168,,1326.0
7030,276c_64,2169,,
7031,276c_65,2170,,
7043,277_57,2172,,
7050,277_59,2174,,
7051,277_60,2175,,
7063,277_66,2177,,
7064,277c_60,2178,,
7065,277c_63,2179,,1330.0
7066,278_59,2180,,
7067,278_60,2181,,
7068,278_63,2182,,1331.0
7069,278_66,2183,,
7070,278c_60,2184,,1332.0
7071,278c_63,2185,,1333.0
7077,279_55BA,2187,,
7101,279_63,2191,,1339.0
7102,279_66,2192,,
7103,279c_60,2193,,1340.0
7104,279c_63,2194,,1341.0
7105,27c_60,2195,,
7106,27c_63,2196,,1342.0
7107,27c_65,2197,,
7132,28_59,2201,,1346.0
7176,28_69,2206,,
7180,280_56,2208,,
7181,280_58,2209,,
7182,280_63,2210,,1352.0
7183,280_66,2211,,
7184,280c_63,2212,,1353.0
7185,281_56,2213,,
7204,281_62,2216,,
7221,281_66,2218,,
7222,281c_60,2219,,
7223,281c_63,2220,,1358.0
7246,282_63,2224,,1362.0
7247,282_66,2225,,
7248,282c_60,2226,,
7249,282c_62,2227,,
7250,282c_63,2228,,1363.0
7251,283_60,2229,,1364.0
7252,283_63,2230,,1365.0
7253,283_66,2231,,
7254,283c_62,2232,,
7255,283c_63,2233,,1366.0
7256,283c_65,2234,,
7265,284_62,2236,,
7266,284_63,2237,,1368.0
7267,284_66,2238,,
7268,284_68,2239,,
7269,284c_63,2240,,1369.0
7281,285_59,2242,,
7294,285_63,2244,,1372.0
7295,285_66,2245,,
7296,285c_62,2246,,1374.0
7297,285c_63,2247,,1375.0
7298,285c_64,2248,,
7299,286_55,2249,,
7300,286_56,2250,,
7309,286_59,2252,,
7310,286_62,2253,,
7311,286_63,2254,,1377.0
7312,286_66,2255,,
7313,286c_60,2256,,1378.0
7314,286c_62,2257,,
7315,286c_63,2258,,1379.0
7316,286c_65,2259,,
7317,287_55,2260,,1380.0
7360,287_66,2266,,
7361,287c_60,2267,,
7362,287c_63,2268,,1386.0
7363,287c_65,2269,,
7377,288_66,2271,,
7378,288c_62,2272,,
7379,288c_63,2273,,1388.0
7386,289_55BA,2275,,
7407,289_63,2279,,1394.0
7408,289_66,2280,,
7409,289c_60,2281,,
7410,289c_62,2282,,
7411,289c_63,2283,,1395.0
7412,289c_64,2284,,
7413,28c_63,2285,,1396.0
7424,29_57,2287,,
7425,29_59,2288,,1398.0
7431,29_63,2290,,1400.0
7432,29_66,2291,,
7433,29_67,2292,,
7434,29_68,2293,,
7435,29_69,2294,,1401.0
7446,290_62,2296,,
7447,290_63,2297,,1403.0
7448,290_66,2298,,
7449,290c_60,2299,,1404.0
7450,290c_63,2300,,1405.0
7461,291_60,2302,,
7473,291_66,2304,,
7474,291c_60,2305,,
7475,291c_63,2306,,1410.0
7480,292_55BA,2308,,
7481,292_59,2309,,
7492,292_66,2312,,
7493,292c_60,2313,,1415.0
7494,292c_63,2314,,1416.0
7495,292c_65,2315,,
7496,293_56,2316,,
7531,293_66,2321,,
7532,293c_60,2322,,
7533,293c_63,2323,,1421.0
7534,293c_64,2324,,
7543,294_66,2326,,
7544,294c_60,2327,,1423.0
7545,294c_62,2328,,
7546,294c_63,2329,,1424.0
7557,295_59,2331,,
7580,295_66,2334,,
7581,295c_60,2335,,
7582,295c_63,2336,,1428.0
7588,296_55BA,2338,,
7589,296_56,2339,,
7602,296_63,2342,,1432.0
7603,296_66,2343,,
7604,296c_62,2344,,1433.0
7605,296c_63,2345,,1434.0
7606,296c_65,2346,,1435.0
7615,297_59,2348,,
7616,297_60,2349,,
7617,297_62,2350,,
7618,297_63,2351,,1437.0
7619,297_66,2352,,
7620,297c_63,2353,,1439.0
7624,298_55,2355,,
7625,298_55BA,2356,,
7626,298_60,2357,,
7643,298_66,2360,,
7644,298c_63,2361,,1444.0
7645,298c_64,2362,,
7646,298c_65,2363,,
7671,299_66,2367,,
7672,299c_62,2368,,1448.0
7673,299c_63,2369,,1449.0
7674,29c_63,2370,,1450.0
7675,2c_60,2371,,1451.0
7676,2c_63,2372,,1452.0
7677,3_57,2373,,
7689,3_63,2376,,1455.0
7696,3_68,2378,,
7697,3_69,2379,,
7723,30_59,2383,,1460.0
7724,30_61,2384,,
7725,30_63,2385,,1461.0
7726,30_66,2386,,
7737,300_62,2388,,
7738,300_63,2389,,1464.0
7739,300_66,2390,,
7740,300c_63,2391,,1465.0
7751,301_55BA,2393,,
7752,301_63,2394,,1467.0
7753,301_66,2395,,
7754,301c_62,2396,,
7755,301c_63,2397,,1469.0
7756,301c_65,2398,,1470.0
7780,302_66,2401,,
7781,302c_62,2402,,
7782,302c_63,2403,,1474.0
7783,302c_64,2404,,
7784,302c_65,2405,,
7794,303_62,2407,,
7813,303c_63,2410,,1479.0
7814,303c_64,2411,,
7819,304_55BA,2413,,
7843,304_63,2416,,1483.0
7844,304_66,2417,,
7845,304c_62,2418,,1484.0
7846,304c_63,2419,,1485.0
7847,304c_65,2420,,
7852,305_55BA,2422,,
7863,305_60,2424,,
7864,305_63,2425,,1488.0
7865,305_66,2426,,
7866,305c_63,2427,,1489.0
7867,305c_64,2428,,
7874,306_63,2430,,1491.0
7875,306_66,2431,,
7876,306c_62,2432,,1492.0
7877,306c_63,2433,,1493.0
7897,307_66,2436,,
7898,307c_63,2437,,1496.0
7899,307c_65,2438,,
7916,308_55BA,2441,,
7917,308_60,2442,,1499.0
7918,308_63,2443,,1500.0
7919,308_66,2444,,
7920,308c_62,2445,,
7921,308c_63,2446,,1501.0
7922,309_55BA,2447,,
7923,309_60,2448,,
7924,309_62,2449,,
7925,309_63,2450,,1502.0
7926,309_66,2451,,
7927,309c_63,2452,,1503.0
7928,30c_60,2453,,
7929,30c_63,2454,,1504.0
7940,31_56,2456,,
7941,31_57,2457,,
7942,31_59,2458,,1506.0
7943,31_60,2459,,
7960,31_65,2462,,
7961,31_66,2463,,
7962,31_68,2464,,
7963,31_69,2465,,
7970,310_56,2467,,
7971,310_60,2468,,
7972,310_63,2469,,1510.0
7983,310c_62,2471,,
7984,310c_63,2472,,1512.0
7985,311_55BA,2473,,
8009,311_66,2476,,
8010,311c_62,2477,,
8011,311c_63,2478,,1515.0
8022,312_63,2480,,1517.0
8023,312_66,2481,,
8024,312c_63,2482,,1518.0
8033,313_60,2484,,
8042,313_66,2486,,
8043,313c_63,2487,,1521.0
8049,314_56,2489,,1523.0
8056,314_66,2491,,
8057,314c_63,2492,,1525.0
8058,314c_65,2493,,
8063,315_66,2495,,
8064,315A_60,2496,,
8065,315c_63,2497,,1527.0
8066,316_62,2498,,
8067,316_63,2499,,1528.0
8068,316_66,2500,,
8069,316c_63,2501,,1529.0
8070,316c_65,2502,,
8071,317_60,2503,,
8085,317_63,2505,,1532.0
8086,317_66,2506,,
8087,317c_63,2507,,1533.0
8088,318_56,2508,,
8089,318_63,2509,,1534.0
8090,318_66,2510,,
8091,318c_63,2511,,1535.0
8107,319_63,2514,,1538.0
8108,319_66,2515,,
8109,319c_63,2516,,1539.0
8110,319c_64,2517,,
8111,31c_60,2518,,1540.0
8112,31c_63,2519,,1541.0
8120,32_55,2521,,
8132,32_57,2523,,
8175,32_66,2528,,
8176,32_69,2529,,
8177,32_70,2530,,
8185,320_55BA,2532,,
8200,320_66,2535,,
8201,320c_63,2536,,1552.0
8202,320c_64,2537,,
8212,321_60,2539,,1554.0
8221,321_63,2541,,1556.0
8222,321_66,2542,,
8223,321c_63,2543,,1557.0
8224,321c_65,2544,,1558.0
8234,322_60,2546,,
8235,322_62,2547,,
8236,322_63,2548,,1560.0
8237,322_66,2549,,
8238,322c_63,2550,,1561.0
8239,322c_64,2551,,
8240,322c_65,2552,,
8241,323_56,2553,,
8242,323_60,2554,,
8249,323_63,2556,,1563.0
8250,323_66,2557,,
8251,323c_63,2558,,1564.0
8252,324_56,2559,,
8272,324_63,2562,,1567.0
8273,324_66,2563,,
8274,324c_63,2564,,1568.0
8283,325_60,2566,,
8284,325_63,2567,,1570.0
8285,325_66,2568,,
8286,325c_63,2569,,1571.0
8311,326_66,2572,,
8312,326c_63,2573,,1575.0
8313,327_63,2574,,1576.0
8314,327_66,2575,,
8315,327c_63,2576,,1577.0
8316,328_63,2577,,1578.0
8317,328_66,2578,,
8318,328c_63,2579,,1579.0
8319,328c_65,2580,,
8330,329_62,2582,,
8331,329_63,2583,,1581.0
8332,329_66,2584,,
8333,329c_63,2585,,1582.0
8334,329c_65,2586,,
8335,32c_63,2587,,1583.0
8336,32c_65,2588,,1584.0
8337,33_55,2589,,
8352,33_59,2592,,1587.0
8379,33_65,2595,,
8393,33_68,2597,,
8394,330_56,2598,,
8418,330_66,2601,,
8419,330c_63,2602,,1593.0
8420,330c_65,2603,,
8421,331_56,2604,,
8422,331_62,2605,,
8435,331_66,2607,,
8436,331c_63,2608,,1595.0
8437,332_63,2609,,1596.0
8438,332_66,2610,,
8439,332c_63,2611,,1597.0
8440,332c_65,2612,,1598.0
8441,333_55,2613,,
8442,333_63,2614,,1599.0
8443,333_66,2615,,
8444,333c_63,2616,,1600.0
8445,334_63,2617,,1601.0
8452,334c_63,2619,,1603.0
8453,334c_65,2620,,
8472,335_66,2624,,
8473,335c_63,2625,,1607.0
8490,336_63,2628,,1611.0
8491,336_66,2629,,
8492,336c_63,2630,,1612.0
8493,336c_65,2631,,
8516,337_66,2635,,
8517,337c_63,2636,,1616.0
8518,338_63,2637,,1617.0
8519,338_66,2638,,
8520,338c_63,2639,,1618.0
8521,338c_65,2640,,
8522,339_60,2641,,1619.0
8531,339_66,2643,,
8532,339c_63,2644,,1621.0
8533,33c_60,2645,,1622.0
8534,33c_63,2646,,1623.0
8542,34_57,2648,,1625.0
8543,34_59,2649,,1626.0
8548,34_66,2651,,
8549,34_70,2652,,
8557,340_60,2654,,
8558,340_62,2655,,
8569,340_66,2657,,
8570,340c_63,2658,,1630.0
8571,340c_65,2659,,
8572,341_62,2660,,
8576,341_66,2662,,
8577,341c_63,2663,,1633.0
8578,341c_65,2664,,
8579,342_56,2665,,
8580,342_60,2666,,
8581,342_62,2667,,
8582,342_63,2668,,1634.0
8583,342_66,2669,,
8584,342c_63,2670,,1635.0
8585,343_62,2671,,
8586,343_63,2672,,1636.0
8587,343_66,2673,,
8588,343c_63,2674,,1637.0
8603,344_63,2677,,1640.0
8604,344_66,2678,,
8605,344c_63,2679,,1641.0
8606,345_55,2680,,
8607,345_63,2681,,1642.0
8608,345_66,2682,,
8609,345c_63,2683,,1643.0
8627,346_66,2686,,
8628,346_67,2687,,
8629,346c_63,2688,,1646.0
8630,346c_65,2689,,1647.0
8648,347_63,2692,,1650.0
8649,347_66,2693,,
8650,347_67,2694,,
8651,347c_63,2695,,1651.0
8670,348_62,2698,,1654.0
8681,348_66,2700,,
8691,348c_63,2702,,1657.0
8698,349_62,2704,,1659.0
8712,349_66,2706,,
8724,349c_63,2708,,1662.0
8725,349c_65,2709,,
8726,34c_60,2710,,1663.0
8727,34c_63,2711,,1664.0
8728,34c_64,2712,,
8729,35_57,2713,,
8730,35_59,2714,,1666.0
8736,35_63,2716,,1668.0
8747,35_66,2718,,
8748,35_68,2719,,
8759,350_62,2721,,
8769,350_66,2723,,
8770,350_67,2724,,
8771,350c_63,2725,,1672.0
8772,351_55,2726,,
8775,351_63,2728,,1674.0
8776,351_66,2729,,
8777,351c_63,2730,,1675.0
8778,352_63,2731,,1676.0
8779,352_66,2732,,
8780,352c_63,2733,,1677.0
8781,353_63,2734,,1678.0
8782,353_66,2735,,
8783,353c_63,2736,,1679.0
8797,354_66,2738,,
8812,354c_63,2740,,1682.0
8813,355_60,2741,,
8826,355_63,2743,,1684.0
8827,355_66,2744,,
8828,355c_63,2745,,1685.0
8829,355c_65,2746,,
8830,356_63,2747,,1686.0
8831,356_66,2748,,
8832,356c_63,2749,,1687.0
8848,357_66,2752,,
8849,357c_63,2753,,1691.0
8856,358_63,2755,,1693.0
8857,358c_63,2756,,1694.0
8858,358c_65,2757,,1695.0
8871,359_62,2759,,
8872,359_63,2760,,1697.0
8873,359_66,2761,,
8874,359_67,2762,,
8875,359c_63,2763,,1698.0
8876,35c_60,2764,,1699.0
8877,35c_63,2765,,1700.0
8878,36_56,2766,,
8879,36_57,2767,,1701.0
8880,36_59,2768,,1702.0
8906,36_66,2771,,
8917,36_69,2773,,1706.0
8918,36_70,2774,,
8931,360_62,2776,,
8937,360_66,2778,,
8938,360_67,2779,,
8939,360c_63,2780,,1710.0
8952,361_66,2782,,
8953,361_67,2783,,
8954,361c_63,2784,,1712.0
8966,362_62,2786,,1714.0
8967,362_63,2787,,1715.0
8980,362_67,2789,,
8981,362c_63,2790,,1717.0
8988,363_63,2792,,1719.0
8989,363_66,2793,,
8990,363_67,2794,,
8991,363c_63,2795,,1720.0
8992,363c_65,2796,,1721.0
8993,364_62,2797,,
9004,364_66,2799,,
9005,364_67,2800,,
9006,364c_63,2801,,1723.0
9007,365_63,2802,,1724.0
9008,365_66,2803,,
9009,365_67,2804,,
9010,365c_63,2805,,1725.0
9018,366_63,2807,,1728.0
9019,366_66,2808,,
9020,366_67,2809,,
9021,366c_63,2810,,1729.0
9022,367_55,2811,,
9023,367_62,2812,,
9024,367_63,2813,,1730.0
9025,367_66,2814,,
9034,367c_63,2816,,1732.0
9035,368_60,2817,,
9036,368_62,2818,,
9045,368_66,2820,,
9046,368_67,2821,,
9047,368c_63,2822,,1734.0
9048,369_60,2823,,
9049,369_63,2824,,1735.0
9050,369_66,2825,,
9051,369_67,2826,,
9052,369c_63,2827,,1736.0
9053,369c_65,2828,,
9054,36c_63,2829,,1737.0
9055,36c_65,2830,,
9062,37_55,2832,,
9063,37_56,2833,,
9068,37_63,2835,,1741.0
9069,37_64,2836,,
9080,37_68,2838,,
9081,37_69,2839,,
9092,370_60,2841,,
9093,370_62,2842,,
9094,370_63,2843,,1744.0
9095,370_66,2844,,
9096,370_67,2845,,
9097,370c_63,2846,,1745.0
9104,371_66,2848,,
9105,371_67,2849,,
9106,371c_63,2850,,1747.0
9107,372_60,2851,,
9108,372_62,2852,,
9113,372_66,2854,,
9114,372_67,2855,,
9115,372c_63,2856,,1749.0
9116,372c_65,2857,,1750.0
9117,373_63,2858,,1752.0
9118,373_66,2859,,
9119,373_67,2860,,
9120,373c_63,2861,,1753.0
9121,374_60,2862,,
9122,374_62,2863,,1754.0
9123,374_63,2864,,1755.0
9124,374_66,2865,,
9125,374_67,2866,,
9126,374_68,2867,,
9127,374c_63,2868,,1756.0
9138,375_63,2870,,1758.0
9139,375_66,2871,,
9140,375_67,2872,,
9141,375c_63,2873,,1759.0
9142,376_60,2874,,
9143,376_63,2875,,1760.0
9144,376_66,2876,,
9145,376_67,2877,,
9152,376c_63,2879,,1762.0
9168,377_63,2882,,1765.0
9169,377_66,2883,,
9170,377_67,2884,,
9171,377c_63,2885,,1766.0
9187,378_66,2889,,
9188,378_67,2890,,
9189,378c_63,2891,,1770.0
9193,379_60,2893,,
9194,379_62,2894,,
9195,379_66,2895,,
9196,379_67,2896,,
9197,379c_63,2897,,1772.0
9198,37c_60,2898,,
9199,37c_63,2899,,1773.0
9207,38_57,2901,,
9236,38_64,2905,,
9237,38_65,2906,,
9238,38_66,2907,,
9250,38_69,2909,,
9251,38_70,2910,,
9265,380_66,2913,,
9266,380_67,2914,,
9273,381_66,2916,,
9274,381_67,2917,,
9275,382_55,2918,,
9287,382_66,2921,,
9288,382_67,2922,,1784.0
9289,383_60,2923,,
9295,383_66,2925,,
9296,383_67,2926,,
9297,383c_65,2927,,
9327,384_67,2931,,1790.0
9328,385_60,2932,,
9332,385_66,2934,,
9333,385_67,2935,,
9334,385c_65,2936,,
9335,386_60,2937,,
9336,386_66,2938,,
9337,386_67,2939,,
9338,386c_65,2940,,1792.0
9341,387_66,2942,,
9357,388_66,2945,,
9358,388_67,2946,,
9359,388c_65,2947,,
9360,389_55,2948,,
9361,389_62,2949,,
9362,389_63,2950,,
9363,389_66,2951,,
9364,389_67,2952,,
9365,38c_60,2953,,1796.0
9366,38c_63,2954,,1797.0
9367,39_54,2955,,
9376,39_59,2957,,1800.0
9377,39_61,2958,,
9378,39_63,2959,,1801.0
9379,39_65,2960,,
9380,39_66,2961,,
9381,39_67,2962,,
9382,39_68,2963,,
9383,39_70,2964,,
9384,390_55,2965,,
9389,390_63,2967,,
9395,390_67,2969,,
9396,390_70,2970,,
9403,391_62,2972,,
9404,391_66,2973,,
9405,391_67,2974,,1805.0
9406,391c_65,2975,,
9421,392_66,2978,,
9422,392_67,2979,,
9428,393_66,2981,,
9429,393_67,2982,,
9430,393c_63,2983,,
9431,393c_65,2984,,
9462,394c_65,2989,,1813.0
9463,395_66,2990,,
9464,395_67,2991,,
9470,396_66,2993,,
9471,396_67,2994,,
9472,396c_65,2995,,1815.0
9473,397_55,2996,,
9474,397_62,2997,,
9475,397_66,2998,,
9476,397_67,2999,,
9477,398_62,3000,,1816.0
9478,398_66,3001,,
9479,398_67,3002,,
9480,398_70,3003,,
9490,399_66,3006,,
9499,39c_60,3008,,1820.0
9500,39c_63,3009,,1821.0
9501,3c_63,3010,,1822.0
9502,4_54,3011,,1823.0
9507,4_59,3013,,1825.0
9518,4_62,3015,,
9527,4_64,3017,,
9528,4_65,3018,,
9529,4_66,3019,,
9530,4_69,3020,,
9531,4_70,3021,,
9544,40_57,3023,,
9545,40_58,3024,,
9557,40_63,3026,,1832.0
9558,40_66,3027,,
9559,40_67,3028,,
9560,40_69,3029,,
9561,40_70,3030,,
9597,401_66,3036,,
9615,402_66,3039,,
9621,403_66,3041,,
9628,404_66,3043,,
9629,405_60,3044,,
9630,405_62,3045,,
9631,405_66,3046,,
9649,406_66,3049,,
9650,406_67,3050,,
9651,407_66,3051,,
9652,407_67,3052,,
9653,407c_65,3053,,1846.0
9669,408_66,3056,,
9670,408_67,3057,,
9676,409_66,3059,,
9677,409_67,3060,,
9678,40c_60,3061,,
9679,40c_63,3062,,1850.0
9680,40c_64,3063,,1851.0
9681,40c_65,3064,,
9682,41_46,3065,,1852.0
9683,41_57,3066,,
9684,41_59,3067,,1853.0
9695,41_64,3069,,
9696,41_66,3070,,
9697,41_67,3071,,
9698,41_68,3072,,
9711,410_66,3074,,
9712,410_67,3075,,
9713,410c_65,3076,,
9726,411_66,3078,,
9727,411_67,3079,,
9740,412_63,3081,,
9753,412_67,3083,,
9754,413_66,3084,,
9755,413_67,3085,,
9756,414_55,3086,,
9762,414_67,3088,,
9773,415_67,3090,,
9774,416_55,3091,,
9775,416_66,3092,,
9776,416_67,3093,,
9783,417_66,3095,,
9795,418_62,3097,,
9796,418_66,3098,,
9797,418_67,3099,,
9798,419_55,3100,,
9808,419_66,3103,,
9809,419_67,3104,,
9810,41c_60,3105,,
9816,42_54,3107,,
9817,42_55,3108,,
9827,42_63,3110,,1871.0
9839,42_66,3112,,
9840,42_67,3113,,
9841,42_68,3114,,1873.0
9846,420_66,3116,,
9859,421_63,3118,,
9860,421_66,3119,,
9861,421_67,3120,,
9862,422_62,3121,,
9863,422_66,3122,,
9864,422_67,3123,,
9865,423_62,3124,,
9866,423_63,3125,,1876.0
9867,423_66,3126,,
9895,425_60,3131,,
9902,425_67,3133,,
9903,425c_65,3134,,1882.0
9910,426_63,3136,,
9911,426_66,3137,,
9912,426_67,3138,,
9930,427_66,3141,,
9931,427_67,3142,,
9945,428_62,3144,,
9946,428_66,3145,,
9947,428_67,3146,,
9948,428c_65,3147,,1887.0
9949,429_60,3148,,
9950,429_66,3149,,
9951,429_67,3150,,
9952,42c_60,3151,,
9953,42c_64,3152,,1889.0
9954,43_46,3153,,1890.0
9955,43_57,3154,,
9956,43_59,3155,,1891.0
9957,43_60,3156,,
9958,43_63,3157,,1892.0
9959,43_65,3158,,
9960,43_66,3159,,
9961,43_67,3160,,
9962,43_68,3161,,1893.0
9963,43_69,3162,,
9964,430_63,3163,,
9965,430_66,3164,,
9966,430_67,3165,,
9967,431_62,3166,,
9968,431_66,3167,,
9969,431_67,3168,,
9970,432_66,3169,,
9990,433_60,3172,,
9991,433_66,3173,,
9992,433_67,3174,,
10002,434_62,3176,,
10003,434_66,3177,,
10004,434_67,3178,,
10019,435_66,3181,,
10020,435_67,3182,,
10021,436_63,3183,,
10022,436_66,3184,,
10023,436_67,3185,,
10029,437_66,3187,,
10044,438_63,3190,,
10045,438_66,3191,,
10046,438_67,3192,,
10053,439_66,3194,,
10054,439_67,3195,,
10055,43c_60,3196,,1904.0
10056,43c_64,3197,,
10057,43c_65,3198,,
10058,44_46,3199,,1906.0
10059,44_59,3200,,1907.0
10060,44_62,3201,,
10061,44_63,3202,,1908.0
10062,44_65,3203,,1910.0
10063,44_66,3204,,
10064,44_67,3205,,
10065,44_69,3206,,
10081,440_66,3209,,
10082,440_67,3210,,
10094,441_62,3212,,
10095,441_66,3213,,
10106,442_66,3216,,
10107,442_67,3217,,1916.0
10108,443_66,3218,,
10109,443_67,3219,,
10110,444_66,3220,,
10111,444_67,3221,,
10127,445_66,3224,,
10128,445_67,3225,,
10143,446_66,3228,,
10144,446_67,3229,,
10145,447_55,3230,,
10150,447_66,3232,,
10151,447_67,3233,,
10152,448_62,3234,,
10153,448_66,3235,,
10154,448_67,3236,,
10155,449_62,3237,,1923.0
10156,449_66,3238,,
10157,449_67,3239,,
10158,44c_60,3240,,
10159,44c_64,3241,,
10160,45_46,3242,,1925.0
10161,45_54,3243,,
10162,45_57,3244,,
10173,45_59,3246,,1927.0
10187,45_66,3248,,
10188,45_67,3249,,
10189,45_70,3250,,
10190,450_62,3251,,
10191,450_66,3252,,
10192,450_67,3253,,
10193,451_62,3254,,
10194,451_66,3255,,
10195,451_67,3256,,
10208,452_66,3258,,
10209,452_67,3259,,
10220,453_62,3261,,
10221,453_66,3262,,
10256,454_67,3266,,
10269,455_66,3268,,
10270,455_67,3269,,
10271,456_55,3270,,1936.0
10272,456_62,3271,,1937.0
10273,456_66,3272,,
10274,456_67,3273,,
10286,457_62,3275,,1939.0
10287,457_66,3276,,
10288,457_67,3277,,
10289,458_62,3278,,1940.0
10302,458_67,3280,,
10314,459_66,3282,,1943.0
10315,459_67,3283,,
10316,45c_60,3284,,
10317,45c_63,3285,,1944.0
10318,45c_64,3286,,
10319,45c_65,3287,,
10320,46_46,3288,,1945.0
10321,46_59,3289,,1946.0
10322,46_63,3290,,1947.0
10323,46_66,3291,,
10324,46_67,3292,,
10325,46_69,3293,,
10326,46_70,3294,,
10327,460_55,3295,,
10328,460_66,3296,,
10329,460_67,3297,,
10336,461_66,3299,,
10337,461_67,3300,,
10338,462_66,3301,,
10361,463_67,3304,,
10362,464_62,3305,,
10363,464_66,3306,,
10364,464_67,3307,,
10378,465_63,3309,,
10379,465_66,3310,,
10380,465_67,3311,,
10381,466_62,3312,,
10382,466_66,3313,,
10383,466_67,3314,,
10384,467_66,3315,,
10385,467_67,3316,,
10396,468_66,3318,,
10397,468_67,3319,,
10404,469_66,3321,,
10405,469_67,3322,,
10406,46c_60,3323,,1954.0
10407,46c_62,3324,,1955.0
10408,46c_63,3325,,1956.0
10409,46c_65,3326,,
10410,47_46,3327,,1957.0
10411,47_54,3328,,
10464,47_65,3335,,
10465,47_66,3336,,
10476,47_70,3338,,
10477,470_55,3339,,1965.0
10478,470_66,3340,,
10479,470_67,3341,,
10480,471_55,3342,,
10481,471_66,3343,,
10482,471_67,3344,,
10483,472_55,3345,,
10484,472_66,3346,,
10485,472_67,3347,,
10492,473_67,3349,,
10493,474_55,3350,,1968.0
10499,474_66,3352,,
10500,474_67,3353,,
10518,475_63,3356,,
10548,476_66,3360,,
10549,476_67,3361,,
10550,477_66,3362,,
10551,477_67,3363,,
10562,478_63,3365,,
10563,478_66,3366,,
10564,478_67,3367,,
10565,479_55,3368,,
10566,479_66,3369,,
10567,479_67,3370,,
10568,47c_62,3371,,1976.0
10569,47c_63,3372,,1977.0
10570,47c_64,3373,,
10571,48_46,3374,,1978.0
10572,48_55,3375,,
10573,48_57,3376,,
10574,48_59,3377,,1979.0
10575,48_63,3378,,1980.0
10588,48_66,3380,,
10589,48_70,3381,,
10602,480_62,3383,,
10603,480_66,3384,,
10615,481_55,3386,,
10628,481_66,3388,,
10629,481_67,3389,,
10673,483_66,3394,,
10683,484_66,3396,,
10684,484_67,3397,,
10685,485_55,3398,,
10686,485_66,3399,,
10687,486_55,3400,,1990.0
10704,486_67,3403,,
10714,487_62,3405,,
10721,488_66,3407,,
10722,488_67,3408,,1995.0
10723,489_55,3409,,1996.0
10724,489_66,3410,,
10725,48c_60,3411,,1997.0
10726,48c_63,3412,,1998.0
10727,48c_64,3413,,
10728,49_46,3414,,1999.0
10729,49_54,3415,,
10740,49_56,3417,,
10741,49_57,3418,,
10750,49_59,3420,,2002.0
10766,49_63,3423,,2005.0
10767,49_66,3424,,
10768,49_68,3425,,2006.0
10769,49_70,3426,,
10770,490_62,3427,,
10781,490_67,3429,,
10782,491_54,3430,,2008.0
10783,491_62,3431,,
10784,491_66,3432,,
10785,491_67,3433,,
10786,492_54,3434,,2009.0
10787,492_66,3435,,
10799,493_62,3437,,
10800,493_66,3438,,
10801,493_67,3439,,
10808,495_55,3441,,
10809,495_66,3442,,
10810,496_63,3443,,
10811,496_66,3444,,
10812,497_63,3445,,
10813,497_66,3446,,
10828,498_63,3448,,
10829,498_66,3449,,2014.0
10830,498_67,3450,,
10831,499_55,3451,,2015.0
10832,499_62,3452,,
10833,499_63,3453,,
10834,499_66,3454,,
10835,499_67,3455,,2016.0
10836,49c_60,3456,,
10837,49c_63,3457,,2017.0
10838,4c_60,3458,,2018.0
10839,4c_63,3459,,2019.0
10840,5_54,3460,,
10852,5_57,3462,,
10868,5_62,3464,,
10869,5_63,3465,,2022.0
10870,5_65,3466,,
10889,50_46,3469,,2025.0
10907,50_59,3472,,2028.0
10914,50_63,3474,,2030.0
10954,50_69,3479,,
10955,500_55,3480,,2035.0
10956,500_62,3481,,
10957,500_63,3482,,
10958,500_66,3483,,
10973,501_63,3486,,2038.0
10974,501_66,3487,,
10987,502_66,3489,,
10999,503_62,3491,,2041.0
11000,503_63,3492,,
11001,503_66,3493,,
11002,503_67,3494,,2042.0
11003,504_63,3495,,
11004,504_66,3496,,
11016,505_66,3498,,
11026,506_66,3500,,
11027,507_55,3501,,
11028,507_62,3502,,
11029,507_66,3503,,
11039,508_66,3505,,
11040,508_67,3506,,
11041,509_66,3507,,
11042,50c_63,3508,,2048.0
11043,50c_65,3509,,
11044,51_46,3510,,2049.0
11052,51_59,3512,,2051.0
11059,51_62,3514,,
11072,51_65,3516,,
11073,51_66,3517,,
11074,51_68,3518,,2054.0
11075,51_70,3519,,
11081,510_66,3521,,
11082,510_67,3522,,2056.0
11083,511_63,3523,,
11084,511_66,3524,,
11085,512_55,3525,,
11086,512_62,3526,,
11087,512_66,3527,,
11088,513_62,3528,,
11089,513_66,3529,,
11090,514_62,3530,,
11091,514_66,3531,,
11103,515_62,3533,,
11104,515_66,3534,,
11113,516_62,3536,,
11114,516_66,3537,,
11115,516_67,3538,,
11116,517_55,3539,,2060.0
11122,517_66,3541,,
11123,518_66,3542,,
11124,519_66,3543,,
11125,519_67,3544,,
11126,51c_63,3545,,2062.0
11127,51c_64,3546,,
11128,51c_65,3547,,
11129,52_46,3548,,2063.0
11130,52_55,3549,,
11137,52_59,3551,,2065.0
11138,52_61,3552,,
11139,52_62,3553,,
11140,52_63,3554,,2066.0
11141,52_66,3555,,
11142,52_68,3556,,
11149,520_66,3558,,
11159,521_62,3560,,
11169,522_66,3562,,
11170,523_55,3563,,
11171,523_62,3564,,
11172,523_66,3565,,
11173,524_66,3566,,
11190,525_66,3568,,
11191,526_62,3569,,
11192,526_66,3570,,
11193,526_67,3571,,2072.0
11205,527_66,3573,,
11219,528_66,3576,,
11220,529_62,3577,,
11221,529_66,3578,,
11222,52c_63,3579,,2076.0
11223,52c_65,3580,,2077.0
11224,53_46,3581,,2078.0
11233,53_55,3583,,
11238,53_59,3585,,2081.0
11239,53_60,3586,,
11246,53_62,3588,,
11247,53_63,3589,,2083.0
11248,53_66,3590,,
11249,53_69,3591,,2084.0
11254,530_66,3593,,
11255,531_62,3594,,
11270,532_66,3597,,
11271,533_66,3598,,
11272,533_67,3599,,2089.0
11273,534_55,3600,,2090.0
11274,534_66,3601,,
11275,534_67,3602,,
11285,535_66,3604,,
11286,536_55,3605,,2093.0
11287,536_66,3606,,
11289,537_66,3608,,
11295,538_66,3610,,
11296,538_67,3611,,
11297,539_55,3612,,2096.0
11298,539_66,3613,,
11299,53c_63,3614,,2097.0
11300,53c_64,3615,,2098.0
11308,54_54,3617,,2100.0
11309,54_57,3618,,
11310,54_59,3619,,2101.0
11311,54_61,3620,,
11321,54_63,3622,,2103.0
11322,54_65,3623,,
11323,54_66,3624,,
11324,54_69,3625,,
11325,540_66,3626,,
11326,540_67,3627,,
11327,541_66,3628,,
11328,542_55,3629,,
11329,542_66,3630,,
11330,543_55,3631,,
11331,543_66,3632,,
11332,543_67,3633,,2104.0
11333,544_55,3634,,
11334,544_66,3635,,
11345,545_66,3637,,
11346,546_55,3638,,
11347,546_66,3639,,
11348,547_66,3640,,
11349,547_67,3641,,2106.0
11367,548_67,3644,,
11390,54c_63,3647,,2111.0
11391,55_46,3648,,2112.0
11392,55_57,3649,,
11393,55_59,3650,,2113.0
11394,55_62,3651,,
11395,55_63,3652,,2114.0
11396,55_66,3653,,
11397,55_68,3654,,
11398,55_69,3655,,
11399,550_55,3656,,2115.0
11400,550_66,3657,,
11401,550_67,3658,,2116.0
11402,551_66,3659,,
11414,552_66,3661,,
11415,553_55,3662,,
11416,553_66,3663,,
11417,554_66,3664,,
11418,555_66,3665,,
11419,556_66,3666,,
11420,557_66,3667,,
11421,558_66,3668,,
11422,559_66,3669,,
11423,55c_63,3670,,2118.0
11435,56_55,3673,,
11436,56_59,3674,,2121.0
11437,56_62,3675,,
11450,56_66,3677,,
11462,56_70,3679,,
11463,560_66,3680,,
11464,560_67,3681,,
11465,561_66,3682,,
11466,562_66,3683,,
11467,562_67,3684,,2124.0
11468,563_66,3685,,
11469,564_66,3686,,
11478,565_66,3688,,
11479,565_67,3689,,
11480,566_66,3690,,
11481,566_67,3691,,2126.0
11482,567_66,3692,,
11483,567_67,3693,,
11484,568_66,3694,,
11485,568_67,3695,,
11486,569_66,3696,,
11487,56c_60,3697,,
11488,56c_63,3698,,2127.0
11489,57_46,3699,,2128.0
11490,57_55,3700,,
11491,57_59,3701,,2129.0
11498,57_62,3703,,
11499,57_63,3704,,2131.0
11500,57_66,3705,,
11501,57_69,3706,,
11502,57_70,3707,,
11503,570_66,3708,,
11504,571_66,3709,,
11505,572_66,3710,,
11506,573_66,3711,,
11507,574_66,3712,,
11508,575_66,3713,,
11513,577_66,3715,,
11514,578_66,3716,,
11521,57c_60,3718,,
11522,57c_63,3719,,2134.0
11523,57c_65,3720,,
11524,58_46,3721,,2135.0
11525,58_54,3722,,2136.0
11526,58_57,3723,,
11527,58_59,3724,,2137.0
11528,58_62,3725,,
11529,58_63,3726,,2138.0
11530,58_64,3727,,
11531,58_66,3728,,
11532,58_68,3729,,2139.0
11533,58_69,3730,,
11534,580_66,3731,,
11535,581_66,3732,,
11536,582_66,3733,,
11537,583_66,3734,,
11538,584_66,3735,,
11539,585_66,3736,,
11540,586_66,3737,,
11541,587_66,3738,,
11542,588_66,3739,,
11543,589_66,3740,,
11544,58c_60,3741,,
11545,58c_62,3742,,2140.0
11546,58c_63,3743,,2141.0
11547,58c_64,3744,,2142.0
11548,59_46,3745,,2143.0
11549,59_55,3746,,
11574,59_62,3750,,
11575,59_63,3751,,2147.0
11576,59_64,3752,,2148.0
11577,59_66,3753,,
11578,59_70,3754,,
11579,59c_63,3755,,2149.0
11580,59c_64,3756,,2150.0
11581,5c_63,3757,,2151.0
11582,5c_65,3758,,2152.0
11599,6_62,3761,,
11600,6_63,3762,,2157.0
11601,6_65,3763,,
11613,60_46,3766,,2160.0
11621,60_55,3768,,
11628,60_57,3770,,
11640,60_59,3772,,2164.0
11646,60_62,3774,,
11647,60_63,3775,,2166.0
11648,60_64,3776,,
11649,60_66,3777,,
11650,60_70,3778,,
11651,60c_63,3779,,2167.0
11652,61_46,3780,,2168.0
11653,61_54,3781,,2169.0
11654,61_55,3782,,
11664,61_59,3784,,2171.0
11676,61_62,3786,,
11692,61_65,3788,,
11693,61_66,3789,,
11704,61_70,3791,,
11705,61c_63,3792,,2175.0
11706,61c_64,3793,,
11707,61c_65,3794,,
11708,62_46,3795,,2176.0
11709,62_54,3796,,2177.0
11721,62_57,3798,,
11732,62_59,3800,,2180.0
11739,62_62,3802,,
11746,62_64,3804,,
11747,62_65,3805,,
11748,62_66,3806,,
11749,62_68,3807,,
11750,62_69,3808,,
11751,62_70,3809,,
11752,62c_60,3810,,
11753,62c_62,3811,,2183.0
11754,62c_63,3812,,2184.0
11755,62c_65,3813,,
11756,63_46,3814,,2185.0
11764,63_55,3816,,
11775,63_58,3818,,
11776,63_59,3819,,2188.0
11782,63_63,3821,,2190.0
11783,63_64,3822,,
11784,63_65,3823,,
11785,63_66,3824,,
11786,63_69,3825,,
11787,63_70,3826,,
11788,63c_60,3827,,
11789,63c_63,3828,,2192.0
11790,63c_65,3829,,
11799,64_56,3831,,
11800,64_57,3832,,
11801,64_59,3833,,2194.0
11813,64_62,3835,,
11814,64_63,3836,,2196.0
11815,64_66,3837,,
11816,64_68,3838,,
11817,64_70,3839,,
11818,64c_60,3840,,2197.0
11819,64c_63,3841,,2198.0
11820,65_46,3842,,2199.0
11826,65_55,3844,,
11846,65_59,3847,,2203.0
11884,65_66,3852,,
11885,65_69,3853,,2208.0
11886,65c_60,3854,,
11887,65c_63,3855,,2209.0
11888,65c_64,3856,,2210.0
11889,66_46,3857,,2211.0
11890,66_54,3858,,2212.0
11891,66_56,3859,,
11901,66_59,3861,,2214.0
11902,66_62,3862,,
11903,66_63,3863,,2215.0
11914,66_66,3865,,
11915,66_68,3866,,
11916,66_69,3867,,
11917,66c_60,3868,,2217.0
11918,66c_63,3869,,2218.0
11919,66c_65,3870,,
11920,67_46,3871,,2219.0
11928,67_55,3873,,
11929,67_59,3874,,2221.0
11930,67_60,3875,,
11931,67_63,3876,,2222.0
11932,67_64,3877,,2223.0
11933,67_65,3878,,
11934,67_66,3879,,
11935,67c_60,3880,,
11936,67c_63,3881,,2224.0
11937,67c_64,3882,,2225.0
11938,68_46,3883,,2226.0
11939,68_55,3884,,2227.0
11940,68_58,3885,,
11941,68_59,3886,,2228.0
11942,68_61,3887,,
11963,68_66,3890,,
11964,68_70,3891,,
11965,68c_63,3892,,2231.0
11966,68c_65,3893,,
11967,69_46,3894,,2232.0
11979,69_59,3896,,2234.0
11993,69_64,3898,,
12004,69_66,3900,,
12005,69_69,3901,,
12006,69_70,3902,,
12007,69c_60,3903,,
12008,69c_63,3904,,2237.0
12009,69c_65,3905,,2238.0
12010,6c_60,3906,,2239.0
12011,6c_63,3907,,2240.0
12042,7_63,3911,,2245.0
12043,7_66,3912,,
12056,7_70,3914,,
12057,70_46,3915,,2247.0
12101,70_63,3921,,2253.0
12123,70_66,3924,,
12124,70_69,3925,,
12125,70c_62,3926,,2256.0
12126,70c_63,3927,,2257.0
12154,71_59,3931,,2261.0
12168,71_63,3933,,2264.0
12169,71_64,3934,,
12170,71_66,3935,,
12171,71_70,3936,,
12172,71c_60,3937,,
12173,71c_63,3938,,2265.0
12174,71c_65,3939,,
12175,72_46,3940,,2266.0
12183,72_57,3942,,
12194,72_59,3944,,2270.0
12206,72_63,3946,,2272.0
12215,72_66,3948,,
12220,72c_60,3950,,2275.0
12221,72c_63,3951,,2276.0
12222,72c_64,3952,,
12223,72c_65,3953,,
12224,73_46,3954,,2277.0
12232,73_59,3956,,2279.0
12233,73_63,3957,,2280.0
12234,73_65,3958,,
12235,73_66,3959,,
12245,73c_60,3961,,2282.0
12246,73c_63,3962,,2283.0
12247,74_46,3963,,2285.0
12248,74_55,3964,,
12268,74_59,3967,,2288.0
12269,74_62,3968,,
12270,74_63,3969,,2289.0
12271,74_65,3970,,
12272,74_66,3971,,
12273,74_69,3972,,
12278,74c_63,3974,,2291.0
12294,75_55(BAC),3977,,
12303,75_59,3979,,2296.0
12315,75_63,3981,,2298.0
12316,75_65,3982,,
12317,75_66,3983,,
12326,75c_60,3985,,2300.0
12327,75c_62,3986,,2301.0
12328,75c_63,3987,,2302.0
12329,75c_64,3988,,
12330,75c_65,3989,,2303.0
12331,76_46,3990,,2304.0
12337,76_55,3992,,
12338,76_57,3993,,
12339,76_59,3994,,2306.0
12352,76_63,3996,,2308.0
12359,76_66,3998,,
12360,76_68,3999,,
12361,76_70,4000,,
12362,76c_60,4001,,2310.0
12363,76c_62,4002,,2311.0
12364,76c_63,4003,,2312.0
12380,77_55,4006,,
12381,77_59,4007,,2315.0
12382,77_62,4008,,
12396,77_65,4010,,
12397,77_66,4011,,
12398,77_68,4012,,
12399,77_69,4013,,
12400,77_70,4014,,
12401,77c_60,4015,,2317.0
12402,77c_62,4016,,2318.0
12403,77c_63,4017,,2319.0
12404,78_46,4018,,2320.0
12412,78_56,4020,,
12413,78_57,4021,,
12426,78_60,4024,,
12427,78_61,4025,,
12428,78_63,4026,,2325.0
12429,78_64,4027,,
12430,78_66,4028,,
12441,78_69,4030,,
12442,78c_60,4031,,2327.0
12443,78c_62,4032,,2328.0
12444,78c_63,4033,,2329.0
12445,79_46,4034,,2330.0
12452,79_59,4036,,2332.0
12453,79_63,4037,,2333.0
12454,79_64,4038,,
12455,79_66,4039,,
12456,79c_63,4040,,2334.0
12457,7A_63,4041,,2335.0
12458,7c_62,4042,,2336.0
12459,7c_63,4043,,2337.0
12460,8_54,4044,,
12461,8_56,4045,,2338.0
12483,8_62,4049,,
12484,8_63,4050,,2342.0
12485,8_66,4051,,
12486,8_68,4052,,
12496,80_46,4054,,2344.0
12504,80_55,4056,,
12505,80_56,4057,,
12506,80_57,4058,,
12533,80_62,4061,,
12569,80_70,4066,,
12570,80c_62,4067,,2352.0
12571,80c_63,4068,,2353.0
12572,81_46,4069,,2354.0
12578,81_56,4071,,2356.0
12593,81_60,4074,,
12600,81_63,4076,,2361.0
12601,81_64,4077,,
12602,81_66,4078,,
12603,81_68,4079,,
12611,81c_62,4081,,2363.0
12612,81c_63,4082,,2364.0
12613,82_46,4083,,2365.0
12614,82_54,4084,,2366.0
12625,82_57,4086,,
12645,82_63,4089,,2370.0
12656,82_66,4091,,
12661,82_70,4093,,
12662,82c_60,4094,,
12663,82c_63,4095,,2373.0
12664,82c_65,4096,,
12665,83_46,4097,,2374.0
12666,83_54,4098,,2375.0
12667,83_55,4099,,
12668,83_57,4100,,
12677,83_59,4102,,2377.0
12678,83_62,4103,,
12692,83_64,4105,,
12693,83_66,4106,,
12694,83_69,4107,,
12695,83_70,4108,,
12696,83c_60,4109,,2379.0
12697,83c_63,4110,,2380.0
12698,83c_65,4111,,2381.0
12699,84_46,4112,,2382.0
12700,84_54,4113,,2383.0
12701,84_55,4114,,
12711,84_59,4116,,2385.0
12731,84_65,4119,,
12745,84_70,4122,,
12746,84c_60,4123,,
12747,84c_63,4124,,2390.0
12748,84c_65,4125,,
12749,85_46,4126,,2391.0
12750,85_55,4127,,
12754,85_59,4129,,2393.0
12767,85_63,4131,,2395.0
12768,85_64,4132,,2396.0
12769,85_65,4133,,
12770,85_66,4134,,
12771,85c_63,4135,,2397.0
12772,86_46,4136,,2398.0
12789,86_62,4141,,
12790,86_63,4142,,2403.0
12791,86_64,4143,,2404.0
12792,86_65,4144,,
12793,86_66,4145,,
12794,86_70,4146,,
12795,86c_60,4147,,
12796,86c_63,4148,,2405.0
12797,86c_65,4149,,
12798,87_46,4150,,2406.0
12799,87_55,4151,,
12833,87_64,4155,,
12834,87_66,4156,,
12835,87_69,4157,,
12841,87c_63,4159,,2411.0
12842,87c_65,4160,,2412.0
12843,88_46,4161,,2413.0
12844,88_54,4162,,
12845,88_55,4163,,
12846,88_57,4164,,
12851,88_61,4166,,
12856,88_63,4168,,2416.0
12857,88_64,4169,,
12858,88_66,4170,,
12859,88_68,4171,,2417.0
12860,88_70,4172,,
12861,88c_62,4173,,2418.0
12862,88c_63,4174,,2419.0
12869,89_55,4176,,
12896,89_64,4180,,
12897,89_65,4181,,2424.0
12898,89_66,4182,,
12899,89_68,4183,,
12918,89c_60,4186,,2427.0
12919,89c_63,4187,,2428.0
12920,89c_64,4188,,
12921,89c_65,4189,,2429.0
12922,8c_63,4190,,2430.0
12923,8c_65,4191,,
12924,9_54,4192,,
12925,9_59,4193,,2431.0
12947,9_64,4196,,
12948,9_65,4197,,
12949,9_66,4198,,
12950,90_46,4199,,2434.0
12958,90_55,4201,,
12959,90_57,4202,,
12978,90_62,4205,,
12979,90_63,4206,,2439.0
12980,90_64,4207,,
12981,90_65,4208,,
12982,90_66,4209,,
12983,90_68,4210,,
12984,90c_63,4211,,2440.0
12985,90c_65,4212,,
12986,91_46,4213,,2441.0
12993,91_55,4215,,
12994,91_56,4216,,
13004,91_59,4218,,2444.0
13005,91_63,4219,,2445.0
13016,91_66,4221,,
13027,91c_60,4223,,2448.0
13028,91c_63,4224,,2449.0
13029,91c_65,4225,,
13048,92_57,4228,,2453.0
13058,92_59,4230,,2455.0
13059,92_62,4231,,
13060,92_63,4232,,2456.0
13061,92_66,4233,,
13062,92_69,4234,,
13063,92c_63,4235,,2457.0
13064,92c_65,4236,,2458.0
13065,93_46,4237,,2459.0
13086,93_62,4241,,
13100,93_66,4243,,
13101,93_68,4244,,
13108,93c_60,4246,,2467.0
13109,93c_63,4247,,2468.0
13110,94_46,4248,,2469.0
13111,94_57,4249,,
13149,94_66,4253,,
13158,94c_60,4255,,2475.0
13159,94c_63,4256,,2476.0
13160,95_54,4257,,2477.0
13161,95_55,4258,,2478.0
13179,95_62,4262,,
13180,95_63,4263,,2482.0
13181,95_64,4264,,
13182,95_66,4265,,
13194,95_70,4267,,
13204,95c_63,4269,,2486.0
13205,95c_65,4270,,2487.0
13206,96_46,4271,,
13207,96_54,4272,,2488.0
13208,96_55,4273,,
13217,96_59,4275,,2490.0
13230,96_63,4277,,2492.0
13231,96_64,4278,,
13232,96_66,4279,,
13233,96_68,4280,,
13240,96_70,4282,,
13241,96c_60,4283,,
13242,96c_63,4284,,2494.0
13243,97_46,4285,,
13244,97_54,4286,,2495.0
13245,97_59,4287,,2496.0
13272,97_63,4290,,2499.0
13273,97_65,4291,,
13274,97_66,4292,,
13281,97c_60,4294,,
13282,97c_62,4295,,2501.0
13283,97c_63,4296,,2502.0
13284,98_46,4297,,2503.0
13285,98_54,4298,,
13301,98_62,4301,,
13314,98_66,4303,,
13326,98c_62,4305,,
13327,98c_63,4306,,2508.0
13328,98c_64,4307,,
13329,99_46,4308,,
13330,99_54,4309,,2509.0
13350,99_59,4312,,2512.0
13368,99_66,4315,,
13369,99c_60,4316,,
13370,99c_62,4317,,2515.0
13371,99c_63,4318,,2516.0
13372,9c_60,4319,,2517.0
13373,9c_63,4320,,2518.0
13374,9c_65,4321,,
