row_index,site_info_id,variable,value
10,2215.0,log_soc_stock,3.590526111663635
45,486.0,log_soc_stock,2.6915684928161467
160,319.0,log_soc_stock,2.7337574622014698
202,2690.0,log_soc_stock,2.828576886238357
222,377.0,log_soc_stock,2.6363982198092546
319,493.0,log_soc_stock,2.601027460110915
474,2203.0,log_soc_stock,2.9192284858530773
539,756.0,log_soc_stock,3.056971008992849
594,671.0,log_soc_stock,2.677131237149128
812,1336.0,log_soc_stock,2.9688872195527316
102,2170.0,X_coord,1447980.4476872887
103,68.0,X_coord,190965.71475758983
106,2273.0,X_coord,1429808.778786264
108,72.0,X_coord,190374.2191640185
110,74.0,X_coord,188693.78195870836
111,77.0,X_coord,186661.9775130403
179,89.0,X_coord,191319.68663627293
212,73.0,X_coord,180616.9354139227
217,67.0,X_coord,189110.8316824957
379,112.0,X_coord,188693.518880664
692,1945.0,X_coord,1442770.037992022
739,1560.0,X_coord,1457458.5624087802
755,1558.0,X_coord,1482544.1461838111
763,2819.0,X_coord,182245.36813016812
767,2814.0,X_coord,190112.5949673513
802,2091.0,X_coord,1449301.6386054084
806,2118.0,X_coord,1452945.342693118
821,1907.0,X_coord,1433303.1329771294
831,1875.0,X_coord,1448477.828084048
841,2157.0,X_coord,1436195.733502983
2,17.0,Y_coord,9488118.432205807
658,3612.0,Y_coord,8045319.741371297
666,3556.0,Y_coord,8017251.063739944
675,3557.0,Y_coord,8016153.424302365
682,21.0,Y_coord,9477329.818728156
693,19.0,Y_coord,9480662.170857074
720,3553.0,Y_coord,8028140.292595657
732,3608.0,Y_coord,8008304.209775802
736,3633.0,Y_coord,8000437.715206425
738,3632.0,Y_coord,8002473.869213744
740,3629.0,Y_coord,8025528.671410324
742,3634.0,Y_coord,7998325.191518262
764,2922.0,Y_coord,8080642.989718194
818,24.0,Y_coord,9476781.021661576
850,9.0,Y_coord,9492982.1775849
858,20.0,Y_coord,9478252.972370552
861,22.0,Y_coord,9477903.25148361
872,14.0,Y_coord,9489646.449242895
878,15.0,Y_coord,9487680.754844984
888,4.0,Y_coord,9500310.25667522
95,2249.0,year,1946.0
293,2376.0,year,1946.0
320,3703.0,year,1952.0
263,2770.0,faosoil_id,131.0
609,2897.0,faosoil_id,131.0
688,3325.0,faosoil_id,128.0
720,3553.0,faosoil_id,129.0
767,2814.0,faosoil_id,133.0
894,2572.0,faosoil_id,132.0
644,409.0,landsurface_value,0.0
666,3556.0,landsurface_value,0.0
738,3632.0,landsurface_value,0.0
644,409.0,litho_value,0.0
666,3556.0,litho_value,0.0
738,3632.0,litho_value,0.0
2,17.0,conv_rangeland_1950,17.13189
10,2215.0,conv_rangeland_1950,53.75632
177,170.0,conv_rangeland_1950,23.480537
186,175.0,conv_rangeland_1950,61.520126
272,125.0,conv_rangeland_1950,40.62427
276,126.0,conv_rangeland_1950,40.62427
284,153.0,conv_rangeland_1950,55.64883
858,20.0,conv_rangeland_1950,9.960634
861,22.0,conv_rangeland_1950,9.960634
878,15.0,conv_rangeland_1950,17.13189
2,17.0,conv_rangeland_1960,19.305183
177,170.0,conv_rangeland_1960,26.44367
186,175.0,conv_rangeland_1960,69.32537
264,48.0,conv_rangeland_1960,16.484056
272,125.0,conv_rangeland_1960,45.788826
276,126.0,conv_rangeland_1960,65.623924
536,51.0,conv_rangeland_1960,16.484056
872,14.0,conv_rangeland_1960,37.437237
878,15.0,conv_rangeland_1960,19.305183
95,2249.0,cropland_1950,19.946777
401,2301.0,cropland_1950,15.657247
407,2298.0,cropland_1950,15.657247
453,2302.0,cropland_1950,18.619205
495,2314.0,cropland_1950,18.619205
506,2303.0,cropland_1950,18.619205
519,2313.0,cropland_1950,17.027334
529,2305.0,cropland_1950,16.27992
628,2567.0,cropland_1950,15.919051
637,2540.0,cropland_1950,15.424731
95,2249.0,cropland_1960,20.370455
453,2302.0,cropland_1960,22.301388
463,2296.0,cropland_1960,18.077131
465,2279.0,cropland_1960,20.281467
470,2177.0,cropland_1960,18.053167
482,2268.0,cropland_1960,18.179058
495,2314.0,cropland_1960,19.530607
506,2303.0,cropland_1960,22.301388
519,2313.0,cropland_1960,19.676144
529,2305.0,cropland_1960,19.588934
15,2479.0,grazing_1950,68.24937
173,2175.0,grazing_1950,68.183586
178,2184.0,grazing_1950,68.183586
197,2195.0,grazing_1950,68.093285
199,2222.0,grazing_1950,68.093285
234,2193.0,grazing_1950,68.093285
289,2210.0,grazing_1950,68.13313
344,2377.0,grazing_1950,69.005646
471,2891.0,grazing_1950,0.0
553,2896.0,grazing_1950,0.0
609,2897.0,grazing_1950,0.0
693,19.0,grazing_1950,0.0
741,1274.0,grazing_1950,0.0
749,1164.0,grazing_1950,0.0
758,1133.0,grazing_1950,0.0
761,1116.0,grazing_1950,0.0
780,1818.0,grazing_1950,0.0
797,1998.0,grazing_1950,0.0
798,2595.0,grazing_1950,68.086914
817,2716.0,grazing_1950,67.983315
15,2479.0,grazing_1960,76.53687
173,2175.0,grazing_1960,77.296906
178,2184.0,grazing_1960,77.296906
199,2222.0,grazing_1960,76.71006
249,2265.0,grazing_1960,76.96261
289,2210.0,grazing_1960,77.82673
364,2468.0,grazing_1960,76.570816
432,1491.0,grazing_1960,0.7159728
471,2891.0,grazing_1960,0.0
553,2896.0,grazing_1960,0.0
609,2897.0,grazing_1960,0.0
749,1164.0,grazing_1960,0.0
758,1133.0,grazing_1960,0.0
761,1116.0,grazing_1960,0.0
773,865.0,grazing_1960,0.0
780,1818.0,grazing_1960,0.0
797,1998.0,grazing_1960,0.0
798,2595.0,grazing_1960,76.7635
817,2716.0,grazing_1960,76.61828
857,2648.0,grazing_1960,76.66019
190,2150.0,ir_norice_1950,0.07973213
194,2169.0,ir_norice_1950,0.07973213
225,2155.0,ir_norice_1950,0.07973213
295,2124.0,ir_norice_1950,7.122021
531,1673.0,ir_norice_1950,3.734763
295,2124.0,ir_norice_1960,6.211026
25,160.0,pasture_1950,60.190342
56,166.0,pasture_1950,60.190342
273,1729.0,pasture_1950,60.053463
429,2312.0,pasture_1950,63.486115
455,2311.0,pasture_1950,63.486115
543,1597.0,pasture_1950,61.620594
560,708.0,pasture_1950,62.070236
561,706.0,pasture_1950,62.070236
622,850.0,pasture_1950,59.025566
23,169.0,pasture_1960,67.82336
25,160.0,pasture_1960,67.82336
56,166.0,pasture_1960,67.82336
230,118.0,pasture_1960,68.33443
429,2312.0,pasture_1960,69.50943
455,2311.0,pasture_1960,69.50943
543,1597.0,pasture_1960,69.4465
560,708.0,pasture_1960,69.9587
562,3738.0,pasture_1960,73.2234
641,704.0,pasture_1960,68.578575
15,2479.0,rangeland_1950,68.24937
173,2175.0,rangeland_1950,68.183586
178,2184.0,rangeland_1950,68.183586
197,2195.0,rangeland_1950,68.093285
199,2222.0,rangeland_1950,68.093285
234,2193.0,rangeland_1950,68.093285
289,2210.0,rangeland_1950,68.13313
344,2377.0,rangeland_1950,69.005646
798,2595.0,rangeland_1950,68.086914
817,2716.0,rangeland_1950,67.983315
15,2479.0,rangeland_1960,76.53687
173,2175.0,rangeland_1960,77.296906
178,2184.0,rangeland_1960,77.296906
199,2222.0,rangeland_1960,76.71006
249,2265.0,rangeland_1960,76.96261
289,2210.0,rangeland_1960,77.82673
364,2468.0,rangeland_1960,76.570816
798,2595.0,rangeland_1960,76.7635
817,2716.0,rangeland_1960,76.61828
857,2648.0,rangeland_1960,76.66019
190,2150.0,tot_irri_1950,0.07973213
194,2169.0,tot_irri_1950,0.07973213
225,2155.0,tot_irri_1950,0.07973213
295,2124.0,tot_irri_1950,7.122021
531,1673.0,tot_irri_1950,3.734763
736,3633.0,tot_irri_1950,7.9556866
738,3632.0,tot_irri_1950,5.712715
742,3634.0,tot_irri_1950,7.9556866
295,2124.0,tot_irri_1960,6.211026
531,1673.0,tot_irri_1960,4.399542
736,3633.0,tot_irri_1960,9.657352
738,3632.0,tot_irri_1960,6.7238073
742,3634.0,tot_irri_1960,9.657352
95,2249.0,tot_rainfed_1950,19.946777
401,2301.0,tot_rainfed_1950,15.657247
407,2298.0,tot_rainfed_1950,15.657247
453,2302.0,tot_rainfed_1950,18.619205
495,2314.0,tot_rainfed_1950,18.619205
506,2303.0,tot_rainfed_1950,18.619205
519,2313.0,tot_rainfed_1950,17.027334
529,2305.0,tot_rainfed_1950,16.27992
628,2567.0,tot_rainfed_1950,15.919051
637,2540.0,tot_rainfed_1950,15.424731
95,2249.0,tot_rainfed_1960,20.370455
401,2301.0,tot_rainfed_1960,19.111975
407,2298.0,tot_rainfed_1960,19.111975
453,2302.0,tot_rainfed_1960,22.301388
495,2314.0,tot_rainfed_1960,22.301388
506,2303.0,tot_rainfed_1960,22.301388
519,2313.0,tot_rainfed_1960,20.281467
529,2305.0,tot_rainfed_1960,19.588934
628,2567.0,tot_rainfed_1960,19.3472
637,2540.0,tot_rainfed_1960,18.753042
22,2698.0,mean_temp_coldest_quarter,15.100000381469728
202,2690.0,mean_temp_coldest_quarter,15.100000381469728
276,126.0,mean_temp_coldest_quarter,24.5
284,153.0,mean_temp_coldest_quarter,24.100000381469727
296,2695.0,mean_temp_coldest_quarter,15.300000190734863
302,413.0,mean_temp_coldest_quarter,23.899999618530273
335,172.0,mean_temp_coldest_quarter,24.100000381469727
339,167.0,mean_temp_coldest_quarter,24.100000381469727
423,2713.0,mean_temp_coldest_quarter,15.100000381469728
567,2689.0,mean_temp_coldest_quarter,15.100000381469728
744,2732.0,mean_temp_coldest_quarter,15.300000190734863
785,2699.0,mean_temp_coldest_quarter,15.300000190734863
22,2698.0,annual_mean_temp,17.571049
202,2690.0,annual_mean_temp,17.571049
276,126.0,annual_mean_temp,27.5
284,153.0,annual_mean_temp,27.115784
296,2695.0,annual_mean_temp,17.411634
335,172.0,annual_mean_temp,27.115784
339,167.0,annual_mean_temp,27.115784
354,191.0,annual_mean_temp,26.771774
362,3761.0,annual_mean_temp,26.771774
417,229.0,annual_mean_temp,26.593834
423,2713.0,annual_mean_temp,17.571049
437,248.0,annual_mean_temp,26.593834
567,2689.0,annual_mean_temp,17.571049
744,2732.0,annual_mean_temp,17.411634
785,2699.0,annual_mean_temp,17.411634
44,501.0,annual_precip,1481.0
165,526.0,annual_precip,1570.0
174,539.0,annual_precip,1590.0
263,2770.0,annual_precip,76.0
302,413.0,annual_precip,1597.0
323,467.0,annual_precip,1578.0
371,427.0,annual_precip,1590.0
394,438.0,annual_precip,1580.0
471,2891.0,annual_precip,142.0
527,480.0,annual_precip,1556.0
553,2896.0,annual_precip,142.0
609,2897.0,annual_precip,78.0
630,611.0,annual_precip,1507.0
639,630.0,annual_precip,1507.0
672,2847.0,annual_precip,120.0
724,2799.0,annual_precip,140.0
754,2828.0,annual_precip,85.0
763,2819.0,annual_precip,40.0
767,2814.0,annual_precip,59.0
857,2648.0,annual_precip,144.0
44,501.0,isothermality,76.25847
196,601.0,isothermality,77.0
242,624.0,isothermality,76.99838
247,659.0,isothermality,76.75893
280,552.0,isothermality,76.36361
287,529.0,isothermality,76.997444
694,641.0,isothermality,77.0
756,564.0,isothermality,77.0
707,2855.0,max_temp_warmest_month,35.005913
709,2860.0,max_temp_warmest_month,35.005913
710,2869.0,max_temp_warmest_month,35.16771
717,2857.0,max_temp_warmest_month,35.04775
728,2873.0,max_temp_warmest_month,35.157997
731,2865.0,max_temp_warmest_month,35.057827
737,2879.0,max_temp_warmest_month,35.265015
743,2904.0,max_temp_warmest_month,35.13324
768,2916.0,max_temp_warmest_month,35.02736
769,2892.0,max_temp_warmest_month,35.23416
276,126.0,mean_temp_driest_quarter,24.5
284,153.0,mean_temp_driest_quarter,24.106653
302,413.0,mean_temp_driest_quarter,23.9
323,467.0,mean_temp_driest_quarter,23.793583
335,172.0,mean_temp_driest_quarter,24.106653
339,167.0,mean_temp_driest_quarter,24.106653
359,463.0,mean_temp_driest_quarter,24.03523
809,453.0,mean_temp_driest_quarter,23.830202
813,470.0,mean_temp_driest_quarter,23.830202
822,473.0,mean_temp_driest_quarter,23.834885
276,126.0,mean_temp_warmest_quarter,29.4
284,153.0,mean_temp_warmest_quarter,29.098148
335,172.0,mean_temp_warmest_quarter,29.098148
339,167.0,mean_temp_warmest_quarter,29.098148
354,191.0,mean_temp_warmest_quarter,28.689928
362,3761.0,mean_temp_warmest_quarter,28.689928
417,229.0,mean_temp_warmest_quarter,28.542332
437,248.0,mean_temp_warmest_quarter,28.542332
476,310.0,mean_temp_warmest_quarter,28.507233
479,303.0,mean_temp_warmest_quarter,28.507233
44,501.0,mean_temp_wettest_quarter,76.58633
196,601.0,mean_temp_wettest_quarter,76.50801
242,624.0,mean_temp_wettest_quarter,77.0
247,659.0,mean_temp_wettest_quarter,77.0
280,552.0,mean_temp_wettest_quarter,76.36055
287,529.0,mean_temp_wettest_quarter,76.72556
633,718.0,mean_temp_wettest_quarter,76.0
694,641.0,mean_temp_wettest_quarter,76.88586
756,564.0,mean_temp_wettest_quarter,76.56714
822,473.0,mean_temp_wettest_quarter,76.0
276,126.0,min_temp_coldest_month,20.1
284,153.0,min_temp_coldest_month,19.8
335,172.0,min_temp_coldest_month,19.8
339,167.0,min_temp_coldest_month,19.8
354,191.0,min_temp_coldest_month,19.4
362,3761.0,min_temp_coldest_month,19.4
417,229.0,min_temp_coldest_month,19.2
437,248.0,min_temp_coldest_month,19.2
476,310.0,min_temp_coldest_month,19.2
479,303.0,min_temp_coldest_month,19.2
280,552.0,precip_coldest_quarter,38.0
287,529.0,precip_coldest_quarter,194.0
302,413.0,precip_coldest_quarter,60.0
323,467.0,precip_coldest_quarter,57.0
371,427.0,precip_coldest_quarter,56.0
394,438.0,precip_coldest_quarter,53.0
527,480.0,precip_coldest_quarter,44.0
809,453.0,precip_coldest_quarter,46.0
813,470.0,precip_coldest_quarter,46.0
822,473.0,precip_coldest_quarter,41.0
302,413.0,precip_driest_month,5.0
323,467.0,precip_driest_month,5.0
334,517.0,precip_driest_month,5.0
371,427.0,precip_driest_month,5.0
44,501.0,precip_driest_quarter,35.0
165,526.0,precip_driest_quarter,36.0
302,413.0,precip_driest_quarter,44.0
323,467.0,precip_driest_quarter,42.0
371,427.0,precip_driest_quarter,44.0
394,438.0,precip_driest_quarter,45.0
527,480.0,precip_driest_quarter,42.0
809,453.0,precip_driest_quarter,43.0
813,470.0,precip_driest_quarter,43.0
822,473.0,precip_driest_quarter,39.0
15,2479.0,precip_seasonality,123.0
124,189.0,precip_seasonality,64.0
190,2150.0,precip_seasonality,124.0
225,2155.0,precip_seasonality,124.0
244,2216.0,precip_seasonality,123.0
302,413.0,precip_seasonality,65.0
306,2219.0,precip_seasonality,123.0
318,2237.0,precip_seasonality,124.0
332,2240.0,precip_seasonality,129.0
371,427.0,precip_seasonality,64.0
376,2415.0,precip_seasonality,125.0
388,2412.0,precip_seasonality,125.0
394,438.0,precip_seasonality,64.0
809,453.0,precip_seasonality,64.0
813,470.0,precip_seasonality,64.0
822,473.0,precip_seasonality,65.0
894,2572.0,precip_seasonality,132.0
898,176.0,precip_seasonality,65.0
899,176.0,precip_seasonality,65.0
169,2427.0,precip_warmest_quarter,615.0
188,2489.0,precip_warmest_quarter,610.0
263,2770.0,precip_warmest_quarter,47.0
401,2301.0,precip_warmest_quarter,563.0
407,2298.0,precip_warmest_quarter,563.0
466,2278.0,precip_warmest_quarter,563.0
471,2891.0,precip_warmest_quarter,95.0
529,2305.0,precip_warmest_quarter,564.0
553,2896.0,precip_warmest_quarter,95.0
609,2897.0,precip_warmest_quarter,48.0
672,2847.0,precip_warmest_quarter,77.0
724,2799.0,precip_warmest_quarter,94.0
754,2828.0,precip_warmest_quarter,57.0
763,2819.0,precip_warmest_quarter,28.0
767,2814.0,precip_warmest_quarter,40.0
857,2648.0,precip_warmest_quarter,98.0
34,2387.0,precip_wettest_month,300.0
41,2362.0,precip_wettest_month,300.0
47,2346.0,precip_wettest_month,299.0
58,2338.0,precip_wettest_month,299.0
263,2770.0,precip_wettest_month,24.0
463,2296.0,precip_wettest_month,300.0
471,2891.0,precip_wettest_month,39.0
501,2349.0,precip_wettest_month,299.0
553,2896.0,precip_wettest_month,39.0
609,2897.0,precip_wettest_month,25.0
611,2447.0,precip_wettest_month,300.0
672,2847.0,precip_wettest_month,35.0
724,2799.0,precip_wettest_month,43.0
754,2828.0,precip_wettest_month,27.0
763,2819.0,precip_wettest_month,14.0
767,2814.0,precip_wettest_month,19.0
857,2648.0,precip_wettest_month,52.0
57,1888.0,precip_wettest_quarter,722.0
71,1937.0,precip_wettest_quarter,732.0
73,1936.0,precip_wettest_quarter,732.0
76,1930.0,precip_wettest_quarter,723.0
263,2770.0,precip_wettest_quarter,50.0
471,2891.0,precip_wettest_quarter,103.0
553,2896.0,precip_wettest_quarter,103.0
609,2897.0,precip_wettest_quarter,60.0
672,2847.0,precip_wettest_quarter,88.0
692,1945.0,precip_wettest_quarter,740.0
724,2799.0,precip_wettest_quarter,97.0
739,1560.0,precip_wettest_quarter,752.0
754,2828.0,precip_wettest_quarter,63.0
755,1558.0,precip_wettest_quarter,752.0
763,2819.0,precip_wettest_quarter,29.0
767,2814.0,precip_wettest_quarter,43.0
821,1907.0,precip_wettest_quarter,731.0
831,1875.0,precip_wettest_quarter,731.0
857,2648.0,precip_wettest_quarter,98.0
212,73.0,temp_annual_range,12.9
411,3765.0,temp_annual_range,28.537384
420,3764.0,temp_annual_range,28.537384
439,719.0,temp_annual_range,12.631181
443,697.0,temp_annual_range,12.631181
666,3556.0,temp_annual_range,28.5
675,3557.0,temp_annual_range,28.5
720,3553.0,temp_annual_range,28.5
728,2873.0,temp_annual_range,28.465012
731,2865.0,temp_annual_range,28.464388
761,1116.0,temp_annual_range,12.878987
768,2916.0,temp_annual_range,28.593918
769,2892.0,temp_annual_range,28.565275
773,865.0,temp_annual_range,12.682128
44,501.0,temp_seasonality,3.563595
280,552.0,temp_seasonality,3.6476145
287,529.0,temp_seasonality,3.4102747
302,413.0,temp_seasonality,3.2351387
323,467.0,temp_seasonality,3.1865249
371,427.0,temp_seasonality,3.58642
658,3612.0,temp_seasonality,32.85509
666,3556.0,temp_seasonality,33.750404
675,3557.0,temp_seasonality,33.750404
720,3553.0,temp_seasonality,33.750404
732,3608.0,temp_seasonality,33.57577
736,3633.0,temp_seasonality,32.64099
738,3632.0,temp_seasonality,32.64099
740,3629.0,temp_seasonality,32.24915
742,3634.0,temp_seasonality,32.668564
809,453.0,temp_seasonality,3.5502307
813,470.0,temp_seasonality,3.5502307
822,473.0,temp_seasonality,3.525398
22,2698.0,tmax_mean,23.166666666666668
202,2690.0,tmax_mean,23.0
261,2676.0,tmax_mean,21.916666666666668
296,2695.0,tmax_mean,23.0
387,2068.0,tmax_mean,23.5
397,2269.0,tmax_mean,22.75
406,2289.0,tmax_mean,23.25
502,629.0,tmax_mean,31.75
518,655.0,tmax_mean,31.75
537,742.0,tmax_mean,31.916666666666668
539,756.0,tmax_mean,31.833333333333332
561,706.0,tmax_mean,31.75
567,2689.0,tmax_mean,23.166666666666668
593,728.0,tmax_mean,31.833333333333332
599,3741.0,tmax_mean,31.833333333333332
641,704.0,tmax_mean,31.833333333333332
744,2732.0,tmax_mean,23.25
785,2699.0,tmax_mean,23.0
10,2215.0,tmin_mean,10.75
22,2698.0,tmin_mean,10.75
202,2690.0,tmin_mean,10.75
261,2676.0,tmin_mean,10.083333333333334
296,2695.0,tmin_mean,10.75
309,168.0,tmin_mean,21.916666666666668
484,334.0,tmin_mean,22.0
520,440.0,tmin_mean,22.083333333333332
524,455.0,tmin_mean,22.0
533,477.0,tmin_mean,22.0
567,2689.0,tmin_mean,10.75
578,355.0,tmin_mean,22.0
582,336.0,tmin_mean,22.0
592,489.0,tmin_mean,22.166666666666668
598,483.0,tmin_mean,22.0
603,454.0,tmin_mean,22.0
692,1945.0,tmin_mean,10.666666666666666
785,2699.0,tmin_mean,10.75
854,2167.0,tmin_mean,10.833333333333334
862,2168.0,tmin_mean,10.833333333333334
45,486.0,precip_sum,1772.9000244140625
59,498.0,precip_sum,1776.60009765625
85,500.0,precip_sum,1776.60009765625
132,514.0,precip_sum,1774.39990234375
222,377.0,precip_sum,1805.5
263,2770.0,precip_sum,93.6999969482422
323,467.0,precip_sum,1765.0001220703125
469,322.0,precip_sum,1760.5999755859375
471,2891.0,precip_sum,190.9000244140625
553,2896.0,precip_sum,176.90000915527344
566,343.0,precip_sum,1766.300048828125
609,2897.0,precip_sum,147.90000915527344
700,342.0,precip_sum,1803.39990234375
724,2799.0,precip_sum,187.59999084472656
754,2828.0,precip_sum,125.89999389648438
763,2819.0,precip_sum,67.19999694824219
767,2814.0,precip_sum,79.80000305175781
825,525.0,precip_sum,1765.7999267578125
857,2648.0,precip_sum,199.20001220703125
894,2572.0,precip_sum,201.3999938964844
1,1927.0,MRRTF,0.0130458426848053
67,1980.0,MRRTF,0.0130458426848053
102,2170.0,MRRTF,8.732576370239258
106,2273.0,MRRTF,8.732576370239258
251,1003.0,MRRTF,0.0130458426848053
387,2068.0,MRRTF,0.0130458426848053
484,334.0,MRRTF,0.0130458426848053
502,629.0,MRRTF,0.0130458426848053
557,682.0,MRRTF,0.0130458426848053
568,1662.0,MRRTF,0.0130458426848053
578,355.0,MRRTF,0.0130458426848053
736,3633.0,MRRTF,8.732576370239258
738,3632.0,MRRTF,8.732576370239258
740,3629.0,MRRTF,8.732576370239258
742,3634.0,MRRTF,8.732576370239258
802,2091.0,MRRTF,8.732576370239258
806,2118.0,MRRTF,8.732576370239258
854,2167.0,MRRTF,8.732576370239258
860,2066.0,MRRTF,0.0130458426848053
862,2168.0,MRRTF,8.732576370239258
98,799.0,MRVBF,0.0317850846052169
103,68.0,MRVBF,8.97576328277588
108,72.0,MRVBF,8.97576328277588
110,74.0,MRVBF,8.97576328277588
111,77.0,MRVBF,8.97576328277588
120,2330.0,MRVBF,0.0317850846052169
127,43.0,MRVBF,8.97576328277588
148,2679.0,MRVBF,0.0317850846052169
158,93.0,MRVBF,8.97576328277588
175,86.0,MRVBF,8.97576328277588
187,79.0,MRVBF,8.97576328277588
212,73.0,MRVBF,8.97576328277588
217,67.0,MRVBF,8.97576328277588
254,977.0,MRVBF,0.0317850846052169
265,881.0,MRVBF,0.0317850846052169
444,2353.0,MRVBF,0.0317850846052169
509,1753.0,MRVBF,0.0317850846052169
538,2593.0,MRVBF,0.0317850846052169
629,1291.0,MRVBF,0.0317850846052169
788,2064.0,MRVBF,0.0317850846052169
5,1532.0,aspect,0.0481632584333419
16,1986.0,aspect,6.210945453643799
53,1904.0,aspect,6.210945453643799
65,2324.0,aspect,0.0481632584333419
104,2658.0,aspect,6.210945453643799
148,2679.0,aspect,0.0481632584333419
159,2181.0,aspect,6.210945453643799
161,1033.0,aspect,0.0481632584333419
178,2184.0,aspect,6.210945453643799
194,2169.0,aspect,0.0481632584333419
330,2220.0,aspect,0.0481632584333419
350,2368.0,aspect,0.0481632584333419
590,281.0,aspect,0.0481632584333419
620,2513.0,aspect,6.210945453643799
659,534.0,aspect,0.0481632584333419
778,2002.0,aspect,0.0481632584333419
799,2092.0,aspect,6.210945453643799
811,2058.0,aspect,6.210945453643799
827,1066.0,aspect,6.210945453643799
830,2334.0,aspect,6.210945453643799
16,1986.0,aspect_cos,0.9994392371177672
53,1904.0,aspect_cos,0.9994392371177672
145,294.0,aspect_cos,-0.9996476268768312
148,2679.0,aspect_cos,0.9994392371177672
161,1033.0,aspect_cos,0.9994392371177672
330,2220.0,aspect_cos,0.9994392371177672
340,599.0,aspect_cos,-0.9996476268768312
350,2368.0,aspect_cos,0.9994392371177672
411,3765.0,aspect_cos,-0.9996476268768312
423,2713.0,aspect_cos,-0.9996476268768312
561,706.0,aspect_cos,-0.9996476268768312
590,281.0,aspect_cos,0.9994392371177672
659,534.0,aspect_cos,0.9994392371177672
725,1985.0,aspect_cos,-0.9996476268768312
744,2732.0,aspect_cos,-0.9996476268768312
791,1250.0,aspect_cos,-0.9996476268768312
803,199.0,aspect_cos,-0.9996476268768312
811,2058.0,aspect_cos,0.9994392371177672
830,2334.0,aspect_cos,0.9994392371177672
837,2395.0,aspect_cos,-0.9996476268768312
17,3145.0,aspect_sin,-0.9996369433403016
67,1980.0,aspect_sin,-0.9996369433403016
142,1446.0,aspect_sin,-0.9996369433403016
160,319.0,aspect_sin,-0.9996369433403016
229,1824.0,aspect_sin,-0.9996369433403016
252,1831.0,aspect_sin,0.998106827735901
274,2389.0,aspect_sin,0.998106827735901
290,289.0,aspect_sin,-0.9996369433403016
314,221.0,aspect_sin,-0.9996369433403016
318,2237.0,aspect_sin,0.998106827735901
364,2468.0,aspect_sin,0.998106827735901
478,503.0,aspect_sin,0.998106827735901
500,338.0,aspect_sin,0.998106827735901
584,657.0,aspect_sin,0.998106827735901
646,2581.0,aspect_sin,-0.9996369433403016
676,2959.0,aspect_sin,0.998106827735901
701,2804.0,aspect_sin,0.998106827735901
740,3629.0,aspect_sin,0.998106827735901
763,2819.0,aspect_sin,-0.9996369433403016
871,2017.0,aspect_sin,-0.9996369433403016
22,2698.0,dem_1km_utm33s,1889.3112695312495
148,2679.0,dem_1km_utm33s,1889.3112695312495
152,91.0,dem_1km_utm33s,23.8266316986084
158,93.0,dem_1km_utm33s,23.8266316986084
202,2690.0,dem_1km_utm33s,1889.3112695312495
212,73.0,dem_1km_utm33s,23.8266316986084
225,2155.0,dem_1km_utm33s,23.8266316986084
261,2676.0,dem_1km_utm33s,1889.3112695312495
272,125.0,dem_1km_utm33s,23.8266316986084
296,2695.0,dem_1km_utm33s,1889.3112695312495
309,168.0,dem_1km_utm33s,23.8266316986084
379,112.0,dem_1km_utm33s,23.8266316986084
397,2269.0,dem_1km_utm33s,1889.3112695312495
406,2289.0,dem_1km_utm33s,1889.3112695312495
484,334.0,dem_1km_utm33s,23.8266316986084
567,2689.0,dem_1km_utm33s,1889.3112695312495
578,355.0,dem_1km_utm33s,23.8266316986084
592,489.0,dem_1km_utm33s,23.8266316986084
744,2732.0,dem_1km_utm33s,1889.3112695312495
785,2699.0,dem_1km_utm33s,1889.3112695312495
1,1927.0,flow_accumulation,49.27999999999963
90,981.0,flow_accumulation,49.27999999999963
94,940.0,flow_accumulation,49.27999999999963
376,2415.0,flow_accumulation,49.27999999999963
575,2569.0,flow_accumulation,49.27999999999963
578,355.0,flow_accumulation,49.27999999999963
643,1137.0,flow_accumulation,49.27999999999963
645,849.0,flow_accumulation,49.27999999999963
769,2892.0,flow_accumulation,49.27999999999963
805,2667.0,flow_accumulation,49.27999999999963
24,2410.0,flowline_curve,-2.0437710190890357e-07
51,132.0,flowline_curve,8.47476968601768e-08
120,2330.0,flowline_curve,-2.3932969384077296e-07
129,2448.0,flowline_curve,-4.32751562584599e-07
148,2679.0,flowline_curve,5.824839490742306e-07
216,2450.0,flowline_curve,-3.42510304562893e-07
224,2466.0,flowline_curve,-2.8984774758100684e-07
231,344.0,flowline_curve,-1.8489498643248223e-06
254,977.0,flowline_curve,8.3687055507653e-08
267,2277.0,flowline_curve,1.2929608317335808e-07
312,561.0,flowline_curve,-3.162779762533319e-07
401,2301.0,flowline_curve,2.0867733496743313e-07
444,2353.0,flowline_curve,-1.7759943204964657e-07
491,254.0,flowline_curve,-1.5218003568406857e-07
509,1753.0,flowline_curve,3.2523735171707813e-07
568,1662.0,flowline_curve,9.49012246564962e-08
588,2209.0,flowline_curve,1.155715835921001e-06
672,2847.0,flowline_curve,3.078536678913224e-07
850,9.0,flowline_curve,-1.9008133733677826e-07
872,14.0,flowline_curve,2.122958022710009e-07
51,132.0,general_curve,-0.0001571414468344
89,502.0,general_curve,0.000207030767342
148,2679.0,general_curve,0.0001646923774387
226,2459.0,general_curve,0.0002073441137326
228,2456.0,general_curve,-0.0001433831785107
231,344.0,general_curve,-0.0002665779320523
237,36.0,general_curve,0.0002448440936859
254,977.0,general_curve,-0.0002032028132816
259,2290.0,general_curve,-0.0001996239006984
265,881.0,general_curve,0.0002765938697848
307,462.0,general_curve,-0.0001649483601795
336,1914.0,general_curve,0.0001562238758197
387,2068.0,general_curve,-0.0002032528136624
389,528.0,general_curve,0.0001555271592224
435,2046.0,general_curve,0.0001806834770832
497,484.0,general_curve,-0.000213068240555
788,2064.0,general_curve,0.000751081155613
789,2637.0,general_curve,-0.0001884778466774
850,9.0,general_curve,0.0002355284377699
860,2066.0,general_curve,-0.0002184717741329
788,2064.0,hill_height,130.1397705078125
850,9.0,hill_height,9.357513427734377
51,132.0,hillshade,205.19210083007812
129,2448.0,hillshade,205.19210083007812
172,2430.0,hillshade,205.19210083007812
231,344.0,hillshade,205.19210083007812
267,2277.0,hillshade,187.65164001464845
307,462.0,hillshade,187.65164001464845
312,561.0,hillshade,187.65164001464845
368,2255.0,hillshade,205.19210083007812
372,2257.0,hillshade,205.19210083007812
387,2068.0,hillshade,187.65164001464845
444,2353.0,hillshade,187.65164001464845
464,2223.0,hillshade,187.65164001464845
500,338.0,hillshade,187.65164001464845
509,1753.0,hillshade,187.65164001464845
538,2593.0,hillshade,205.19210083007812
568,1662.0,hillshade,187.65164001464845
588,2209.0,hillshade,205.19210083007812
608,2204.0,hillshade,205.19210083007812
672,2847.0,hillshade,205.19210083007812
877,2062.0,hillshade,187.65164001464845
18,2425.0,length_slope_factor,7.630738239288323
129,2448.0,length_slope_factor,7.630738239288323
148,2679.0,length_slope_factor,7.630738239288323
216,2450.0,length_slope_factor,7.630738239288323
228,2456.0,length_slope_factor,7.630738239288323
231,344.0,length_slope_factor,7.630738239288323
254,977.0,length_slope_factor,7.630738239288323
312,561.0,length_slope_factor,7.630738239288323
538,2593.0,length_slope_factor,7.630738239288323
568,1662.0,length_slope_factor,7.630738239288323
54,464.0,max_curve,-9.246994704881217e-06
55,464.0,max_curve,-9.246994704881217e-06
89,502.0,max_curve,7.693586114328337e-05
148,2679.0,max_curve,7.693586114328337e-05
237,36.0,max_curve,7.693586114328337e-05
261,2676.0,max_curve,-9.246994704881217e-06
265,881.0,max_curve,7.693586114328337e-05
267,2277.0,max_curve,7.693586114328337e-05
307,462.0,max_curve,-9.246994704881217e-06
356,1739.0,max_curve,-9.246994704881217e-06
497,484.0,max_curve,-9.246994704881217e-06
509,1753.0,max_curve,7.693586114328337e-05
532,275.0,max_curve,-9.246994704881217e-06
538,2593.0,max_curve,7.693586114328337e-05
588,2209.0,max_curve,7.693586114328337e-05
693,19.0,max_curve,-9.246994704881217e-06
788,2064.0,max_curve,7.693586114328337e-05
789,2637.0,max_curve,-9.246994704881217e-06
850,9.0,max_curve,7.693586114328337e-05
863,163.0,max_curve,-9.246994704881217e-06
22,2698.0,midslope_position,0.4849407374858856
82,2014.0,midslope_position,0.0013435997534543
92,2532.0,midslope_position,0.0006821147981099
120,2330.0,midslope_position,0.5481422543525696
162,1883.0,midslope_position,0.0013446782249957
202,2690.0,midslope_position,0.4781864285469055
261,2676.0,midslope_position,0.596699595451355
296,2695.0,midslope_position,0.4981259703636169
339,167.0,midslope_position,0.0019291995558887
354,191.0,midslope_position,0.000353665149305
399,651.0,midslope_position,0.0024877560790628
493,896.0,midslope_position,0.000927266839426
575,2569.0,midslope_position,0.4895127117633819
652,1444.0,midslope_position,0.5539419651031494
719,1950.0,midslope_position,0.0002132786758011
751,1414.0,midslope_position,0.4902917742729187
761,1116.0,midslope_position,0.0016080030472949
776,3064.0,midslope_position,0.0023715693969279
785,2699.0,midslope_position,0.4980005919933319
903,1903.0,midslope_position,0.5538718104362488
24,2410.0,min_curve,-9.403846343047916e-05
39,1924.0,min_curve,1.698739652056247e-05
67,1980.0,min_curve,-0.0001050742721417
226,2459.0,min_curve,4.083315798197873e-05
228,2456.0,min_curve,-9.418214176548644e-05
231,344.0,min_curve,-0.0001341958122793
237,36.0,min_curve,4.3158714106539264e-05
254,977.0,min_curve,-0.0001448598195565
259,2290.0,min_curve,-0.0001119635926443
265,881.0,min_curve,2.7134748961543664e-05
336,1914.0,min_curve,3.182255386491306e-05
387,2068.0,min_curve,-9.432933438802138e-05
435,2046.0,min_curve,2.5722907594172284e-05
441,116.0,min_curve,1.731287920847535e-05
538,2593.0,min_curve,-9.932147804647684e-05
588,2209.0,min_curve,-0.0001147954899352
788,2064.0,min_curve,0.0001573235931573
838,356.0,min_curve,2.3757293092785403e-05
860,2066.0,min_curve,-0.000133149253088
871,2017.0,min_curve,2.7743504688260145e-05
1,1927.0,normalized_height,0.2727648019790649
22,2698.0,normalized_height,0.742470383644104
98,799.0,normalized_height,0.7390662431716919
120,2330.0,normalized_height,0.7740710973739624
202,2690.0,normalized_height,0.7390932440757751
213,361.0,normalized_height,0.728057861328125
261,2676.0,normalized_height,0.7983497977256775
296,2695.0,normalized_height,0.7490629553794861
498,2672.0,normalized_height,0.2619877755641937
503,2631.0,normalized_height,0.2628725171089172
547,2640.0,normalized_height,0.273988276720047
567,2689.0,normalized_height,0.7315494418144226
575,2569.0,normalized_height,0.2552436590194702
652,1444.0,normalized_height,0.2230290174484253
713,2029.0,normalized_height,0.2705055475234985
744,2732.0,normalized_height,0.7371194958686829
751,1414.0,normalized_height,0.2548541128635406
752,1400.0,normalized_height,0.2629542946815491
785,2699.0,normalized_height,0.7490003108978271
903,1903.0,normalized_height,0.2230641096830368
5,1532.0,plan_curve,-0.0059220739640295
72,3233.0,plan_curve,-0.0120969098061323
79,2521.0,plan_curve,-0.0035242463927716
142,1446.0,plan_curve,0.0055576455779373
150,297.0,plan_curve,-0.0042086113244295
154,304.0,plan_curve,0.0038542209658771
287,529.0,plan_curve,-0.0043692095205187
302,413.0,plan_curve,-0.0094589842483401
323,467.0,plan_curve,0.0048963376320898
340,599.0,plan_curve,0.0062475227750837
341,533.0,plan_curve,0.0044583743438124
346,2351.0,plan_curve,0.0051702386699616
502,629.0,plan_curve,-0.0281966011971235
515,2251.0,plan_curve,0.0042067510075867
564,2081.0,plan_curve,0.0039504123851656
687,1000.0,plan_curve,0.0064781755208969
830,2334.0,plan_curve,0.0052278558723628
851,333.0,plan_curve,-0.0035679142456501
852,333.0,plan_curve,-0.0035679142456501
892,2180.0,plan_curve,-0.0041323057375848
24,2410.0,profile_curve,-6.476907437900082e-05
51,132.0,profile_curve,-6.476907437900082e-05
89,502.0,profile_curve,4.347763548139481e-05
166,263.0,profile_curve,4.347763548139481e-05
226,2459.0,profile_curve,4.347763548139481e-05
231,344.0,profile_curve,-6.476907437900082e-05
237,36.0,profile_curve,4.347763548139481e-05
254,977.0,profile_curve,-6.476907437900082e-05
267,2277.0,profile_curve,4.347763548139481e-05
291,1783.0,profile_curve,4.347763548139481e-05
368,2255.0,profile_curve,-6.476907437900082e-05
372,2257.0,profile_curve,-6.476907437900082e-05
412,3716.0,profile_curve,4.347763548139481e-05
451,2242.0,profile_curve,4.347763548139481e-05
497,484.0,profile_curve,-6.476907437900082e-05
538,2593.0,profile_curve,-6.476907437900082e-05
588,2209.0,profile_curve,-6.476907437900082e-05
788,2064.0,profile_curve,4.347763548139481e-05
850,9.0,profile_curve,4.347763548139481e-05
860,2066.0,profile_curve,-6.476907437900082e-05
28,2128.0,relief_TRI,0.7447525525093078
148,2679.0,relief_TRI,92.4422714233398
226,2459.0,relief_TRI,92.4422714233398
231,344.0,relief_TRI,92.4422714233398
254,977.0,relief_TRI,92.4422714233398
270,3263.0,relief_TRI,0.7447525525093078
307,462.0,relief_TRI,92.4422714233398
312,561.0,relief_TRI,92.4422714233398
444,2353.0,relief_TRI,92.4422714233398
538,2593.0,relief_TRI,92.4422714233398
588,2209.0,relief_TRI,92.4422714233398
658,3612.0,relief_TRI,0.7447525525093078
709,2860.0,relief_TRI,0.7447525525093078
710,2869.0,relief_TRI,0.7447525525093078
728,2873.0,relief_TRI,0.7447525525093078
764,2922.0,relief_TRI,0.7447525525093078
768,2916.0,relief_TRI,0.7447525525093078
769,2892.0,relief_TRI,0.7447525525093078
780,1818.0,relief_TRI,0.7447525525093078
788,2064.0,relief_TRI,92.4422714233398
28,2128.0,slope,0.000781672480516
129,2448.0,slope,0.1320066070556638
148,2679.0,slope,0.1320066070556638
226,2459.0,slope,0.1320066070556638
231,344.0,slope,0.1320066070556638
254,977.0,slope,0.1320066070556638
258,3262.0,slope,0.000781672480516
270,3263.0,slope,0.000781672480516
307,462.0,slope,0.1320066070556638
309,168.0,slope,0.000781672480516
312,561.0,slope,0.1320066070556638
444,2353.0,slope,0.1320066070556638
502,629.0,slope,0.000781672480516
538,2593.0,slope,0.1320066070556638
588,2209.0,slope,0.1320066070556638
709,2860.0,slope,0.000781672480516
728,2873.0,slope,0.000781672480516
768,2916.0,slope,0.000781672480516
780,1818.0,slope,0.000781672480516
790,330.0,slope,0.000781672480516
22,2698.0,slope_height,363.41105834960933
72,3233.0,slope_height,46.642901763916015
202,2690.0,slope_height,363.41105834960933
213,361.0,slope_height,363.41105834960933
261,2676.0,slope_height,363.41105834960933
296,2695.0,slope_height,363.41105834960933
423,2713.0,slope_height,363.41105834960933
507,2744.0,slope_height,363.41105834960933
542,3513.0,slope_height,46.642901763916015
567,2689.0,slope_height,363.41105834960933
587,1357.0,slope_height,46.642901763916015
639,630.0,slope_height,46.642901763916015
666,3556.0,slope_height,46.642901763916015
675,3557.0,slope_height,46.642901763916015
716,3377.0,slope_height,46.642901763916015
720,3553.0,slope_height,46.642901763916015
732,3608.0,slope_height,46.642901763916015
744,2732.0,slope_height,363.41105834960933
785,2699.0,slope_height,363.41105834960933
864,1317.0,slope_height,46.642901763916015
90,981.0,slope_length,9637.44316406249
94,940.0,slope_length,9637.44316406249
170,2426.0,slope_length,9637.44316406249
470,2177.0,slope_length,9637.44316406249
532,275.0,slope_length,9637.44316406249
557,682.0,slope_length,9637.44316406249
578,355.0,slope_length,9637.44316406249
597,2535.0,slope_length,9637.44316406249
736,3633.0,slope_length,9637.44316406249
805,2667.0,slope_length,9637.44316406249
22,2698.0,standardized_height,1489.63330078125
120,2330.0,standardized_height,1399.2191162109375
158,93.0,standardized_height,-5.059754848480225
202,2690.0,standardized_height,1501.0875244140625
212,73.0,standardized_height,-4.037199020385742
225,2155.0,standardized_height,-2.5002877712249756
261,2676.0,standardized_height,1706.215576171875
272,125.0,standardized_height,-2.6307742595672607
295,2124.0,standardized_height,-3.05499005317688
296,2695.0,standardized_height,1524.4825439453125
309,168.0,standardized_height,-5.959064960479736
379,112.0,standardized_height,-4.252185344696045
406,2289.0,standardized_height,1352.9776611328125
423,2713.0,standardized_height,1337.6588134765625
484,334.0,standardized_height,-3.2493762969970703
567,2689.0,standardized_height,1492.900390625
578,355.0,standardized_height,-7.159254550933838
592,489.0,standardized_height,-5.2560930252075195
744,2732.0,standardized_height,1387.9688720703125
785,2699.0,standardized_height,1517.3189697265625
37,1088.0,terrain_surf_convexity,67.4344711303711
81,1199.0,terrain_surf_convexity,61.46699142456055
104,2658.0,terrain_surf_convexity,62.582000732421875
161,1033.0,terrain_surf_convexity,66.0997085571289
190,2150.0,terrain_surf_convexity,30.001930236816406
194,2169.0,terrain_surf_convexity,34.33583068847656
225,2155.0,terrain_surf_convexity,30.419490814208984
295,2124.0,terrain_surf_convexity,32.84563064575195
498,2672.0,terrain_surf_convexity,34.86874008178711
568,1662.0,terrain_surf_convexity,35.8461799621582
587,1357.0,terrain_surf_convexity,63.2744255065918
704,1733.0,terrain_surf_convexity,64.03890991210938
706,3035.0,terrain_surf_convexity,62.765289306640625
730,1847.0,terrain_surf_convexity,61.658935546875
742,3634.0,terrain_surf_convexity,33.69660949707031
784,1550.0,terrain_surf_convexity,62.88421630859375
789,2637.0,terrain_surf_convexity,33.303993225097656
805,2667.0,terrain_surf_convexity,28.133869171142575
810,1385.0,terrain_surf_convexity,62.506587982177734
817,2716.0,terrain_surf_convexity,35.18707275390625
28,2128.0,terrain_surf_texture,2.8175835609436035
116,1893.0,terrain_surf_texture,83.9511947631836
128,1657.0,terrain_surf_texture,83.35807037353516
373,1378.0,terrain_surf_texture,84.57506561279297
389,528.0,terrain_surf_texture,86.26840209960938
412,3716.0,terrain_surf_texture,84.39739227294922
480,507.0,terrain_surf_texture,84.57539367675781
488,475.0,terrain_surf_texture,85.09049987792969
497,484.0,terrain_surf_texture,85.2676010131836
658,3612.0,terrain_surf_texture,0.6621705889701843
707,2855.0,terrain_surf_texture,4.127987861633301
709,2860.0,terrain_surf_texture,2.1219944953918457
710,2869.0,terrain_surf_texture,1.0869206190109253
728,2873.0,terrain_surf_texture,0.4955186545848846
737,2879.0,terrain_surf_texture,0.3551458120346069
740,3629.0,terrain_surf_texture,1.814073920249939
748,325.0,terrain_surf_texture,83.38040924072266
769,2892.0,terrain_surf_texture,0.6551721692085266
780,1818.0,terrain_surf_texture,0.0
873,1630.0,terrain_surf_texture,84.58173370361328
28,2128.0,total_curve,3.805748630732881e-13
231,344.0,total_curve,9.443912851736511e-09
254,977.0,total_curve,9.443912851736511e-09
259,2290.0,total_curve,9.443912851736511e-09
265,881.0,total_curve,9.443912851736511e-09
270,3263.0,total_curve,3.805748630732881e-13
443,697.0,total_curve,3.805748630732881e-13
509,1753.0,total_curve,9.443912851736511e-09
538,2593.0,total_curve,9.443912851736511e-09
588,2209.0,total_curve,9.443912851736511e-09
658,3612.0,total_curve,3.805748630732881e-13
709,2860.0,total_curve,3.805748630732881e-13
728,2873.0,total_curve,3.805748630732881e-13
740,3629.0,total_curve,3.805748630732881e-13
764,2922.0,total_curve,3.805748630732881e-13
769,2892.0,total_curve,3.805748630732881e-13
780,1818.0,total_curve,3.805748630732881e-13
788,2064.0,total_curve,9.443912851736511e-09
850,9.0,total_curve,9.443912851736511e-09
860,2066.0,total_curve,9.443912851736511e-09
5,1532.0,twi,9.384014358520504
94,940.0,twi,9.384014358520504
148,2679.0,twi,2.6159034061431883
226,2459.0,twi,2.6159034061431883
231,344.0,twi,2.6159034061431883
254,977.0,twi,2.6159034061431883
376,2415.0,twi,9.384014358520504
428,2088.0,twi,2.6159034061431883
491,254.0,twi,2.6159034061431883
502,629.0,twi,9.384014358520504
538,2593.0,twi,2.6159034061431883
575,2569.0,twi,9.384014358520504
608,2204.0,twi,2.6159034061431883
645,849.0,twi,9.384014358520504
680,1777.0,twi,9.384014358520504
705,2850.0,twi,9.384014358520504
769,2892.0,twi,9.384014358520504
780,1818.0,twi,9.384014358520504
789,2637.0,twi,2.6159034061431883
845,2090.0,twi,2.6159034061431883
1,1927.0,valley_depth,501.48607055663905
4,1934.0,valley_depth,501.48607055663905
127,43.0,valley_depth,47.8877392578125
498,2672.0,valley_depth,501.48607055663905
503,2631.0,valley_depth,501.48607055663905
547,2640.0,valley_depth,501.48607055663905
555,3486.0,valley_depth,47.8877392578125
587,1357.0,valley_depth,47.8877392578125
601,2531.0,valley_depth,501.48607055663905
624,2516.0,valley_depth,501.48607055663905
630,611.0,valley_depth,47.8877392578125
634,2494.0,valley_depth,501.48607055663905
639,630.0,valley_depth,47.8877392578125
652,1444.0,valley_depth,501.48607055663905
666,3556.0,valley_depth,47.8877392578125
675,3557.0,valley_depth,47.8877392578125
711,3378.0,valley_depth,47.8877392578125
720,3553.0,valley_depth,47.8877392578125
864,1317.0,valley_depth,47.8877392578125
903,1903.0,valley_depth,501.48607055663905
